1294308084	20250315	202503	2025	2025.2055	EDU	STUDENT						EDU			CVL	COMMUNITY						CVL			0	070	070	07	2	7.0	5	1	5	4.06976744186047	0								0								0								20260315081500	https://www.worcesternews.co.uk/news/25933898.morgan-motor-company-donates-clothes-worcester-students/
1294308085	20260213	202602	2026	2026.1178	CUB	CUBAN	CUB								GUY	STABROEK	GUY								0	043	043	04	1	2.8	8	1	8	-0.49362402303579	1	Cuba	CU	CU		22	-79.5	CU	4	Stabroek, Demerara-Mahaica, Guyana	GY	GY12	17145	6.8094	-58.1615	-922968	4	Stabroek, Demerara-Mahaica, Guyana	GY	GY12	17145	6.8094	-58.1615	-922968	20260315081500	https://www.stabroeknews.com/2026/03/15/features/in-the-diaspora/in-the-diaspora-a-final-reflection/
1294308086	20260213	202602	2026	2026.1178	CUB	CUBA	CUB								GUY	STABROEK	GUY								0	043	043	04	1	2.8	2	1	2	-0.49362402303579	1	Haiti	HA	HA		19	-72.416667	HA	1	Guadeloupe	GP	GP		16.25	-61.583333	GP	1	Guadeloupe	GP	GP		16.25	-61.583333	GP	20260315081500	https://www.stabroeknews.com/2026/03/15/features/in-the-diaspora/in-the-diaspora-a-final-reflection/
1294308087	20260213	202602	2026	2026.1178	GUY	STABROEK	GUY								CUB	CUBAN	CUB								0	042	042	04	1	1.9	8	1	8	-0.49362402303579	4	Stabroek, Demerara-Mahaica, Guyana	GY	GY12	17145	6.8094	-58.1615	-922968	1	Cuba	CU	CU		22	-79.5	CU	4	Stabroek, Demerara-Mahaica, Guyana	GY	GY12	17145	6.8094	-58.1615	-922968	20260315081500	https://www.stabroeknews.com/2026/03/15/features/in-the-diaspora/in-the-diaspora-a-final-reflection/
1294308088	20260213	202602	2026	2026.1178	GUY	STABROEK	GUY								CUB	CUBA	CUB								0	042	042	04	1	1.9	2	1	2	-0.49362402303579	1	Guadeloupe	GP	GP		16.25	-61.583333	GP	1	Haiti	HA	HA		19	-72.416667	HA	1	Guadeloupe	GP	GP		16.25	-61.583333	GP	20260315081500	https://www.stabroeknews.com/2026/03/15/features/in-the-diaspora/in-the-diaspora-a-final-reflection/
1294308089	20260213	202602	2026	2026.1178	GUY	STABROEK	GUY								GOV	GOVERNMENT						GOV			0	111	111	11	3	-2.0	8	1	8	-0.49362402303579	4	Stabroek, Demerara-Mahaica, Guyana	GY	GY12	17145	6.8094	-58.1615	-922968	1	Cuba	CU	CU		22	-79.5	CU	4	Stabroek, Demerara-Mahaica, Guyana	GY	GY12	17145	6.8094	-58.1615	-922968	20260315081500	https://www.stabroeknews.com/2026/03/15/features/in-the-diaspora/in-the-diaspora-a-final-reflection/
1294308090	20260213	202602	2026	2026.1178	GUY	STABROEK	GUY								GOV	GOVERNMENT						GOV			0	111	111	11	3	-2.0	2	1	2	-0.49362402303579	1	Guadeloupe	GP	GP		16.25	-61.583333	GP	1	Haiti	HA	HA		19	-72.416667	HA	1	Puerto Rico	RQ	RQ		18.2359	-66.4838	RQ	20260315081500	https://www.stabroeknews.com/2026/03/15/features/in-the-diaspora/in-the-diaspora-a-final-reflection/
1294308091	20260308	202603	2026	2026.1863											KORGOV	SOUTH KOREAN	KOR					GOV			1	040	040	04	1	1.0	6	1	6	0.13966480446927	0								1	South Korea	KS	KS		37	127.5	KS	1	South Korea	KS	KS		37	127.5	KS	20260315081500	https://www.koreatimes.co.kr/foreignaffairs/20260315/speculation-grows-over-trump-kim-talks-despite-major-hurdles
1294308092	20260308	202603	2026	2026.1863	GUY	GUYANA	GUY																		0	051	051	05	1	3.4	4	1	4	-0.49362402303579	4	Stabroek, Demerara-Mahaica, Guyana	GY	GY12	17145	6.8094	-58.1615	-922968	0								4	Stabroek, Demerara-Mahaica, Guyana	GY	GY12	17145	6.8094	-58.1615	-922968	20260315081500	https://www.stabroeknews.com/2026/03/15/features/in-the-diaspora/in-the-diaspora-a-final-reflection/
1294308093	20260308	202603	2026	2026.1863	GUY	GUYANA	GUY																		0	070	070	07	2	7.0	4	1	4	-0.49362402303579	4	Stabroek, Demerara-Mahaica, Guyana	GY	GY12	17145	6.8094	-58.1615	-922968	0								4	Stabroek, Demerara-Mahaica, Guyana	GY	GY12	17145	6.8094	-58.1615	-922968	20260315081500	https://www.stabroeknews.com/2026/03/15/features/in-the-diaspora/in-the-diaspora-a-final-reflection/
1294308094	20260308	202603	2026	2026.1863	KOR	SOUTH KOREAN	KOR								KORGOV	SOUTH KOREA	KOR					GOV			1	040	040	04	1	1.0	1	1	1	0.13966480446927	1	South Korea	KS	KS		37	127.5	KS	1	South Korea	KS	KS		37	127.5	KS	4	Pyongyang, P'yongyang-si, North Korea	KN	KN12	39681	39.0194	125.755	-183459	20260315081500	https://www.koreatimes.co.kr/foreignaffairs/20260315/speculation-grows-over-trump-kim-talks-despite-major-hurdles
1294308095	20260308	202603	2026	2026.1863	KOR	SOUTH KOREAN	KOR								KORGOV	SOUTH KOREA	KOR					GOV			1	040	040	04	1	1.0	1	1	1	0.13966480446927	1	South Korea	KS	KS		37	127.5	KS	1	South Korea	KS	KS		37	127.5	KS	1	South Korea	KS	KS		37	127.5	KS	20260315081500	https://www.koreatimes.co.kr/foreignaffairs/20260315/speculation-grows-over-trump-kim-talks-despite-major-hurdles
1294308096	20260308	202603	2026	2026.1863	KORGOV	SOUTH KOREAN	KOR					GOV													1	040	040	04	1	1.0	6	1	6	0.13966480446927	1	South Korea	KS	KS		37	127.5	KS	0								1	South Korea	KS	KS		37	127.5	KS	20260315081500	https://www.koreatimes.co.kr/foreignaffairs/20260315/speculation-grows-over-trump-kim-talks-despite-major-hurdles
1294308097	20260308	202603	2026	2026.1863	KORGOV	SOUTH KOREA	KOR					GOV			KOR	SOUTH KOREAN	KOR								1	040	040	04	1	1.0	1	1	1	0.13966480446927	1	South Korea	KS	KS		37	127.5	KS	1	South Korea	KS	KS		37	127.5	KS	4	Pyongyang, P'yongyang-si, North Korea	KN	KN12	39681	39.0194	125.755	-183459	20260315081500	https://www.koreatimes.co.kr/foreignaffairs/20260315/speculation-grows-over-trump-kim-talks-despite-major-hurdles
1294308098	20260308	202603	2026	2026.1863	KORGOV	SOUTH KOREA	KOR					GOV			KOR	SOUTH KOREAN	KOR								1	040	040	04	1	1.0	1	1	1	0.13966480446927	1	South Korea	KS	KS		37	127.5	KS	1	South Korea	KS	KS		37	127.5	KS	1	South Korea	KS	KS		37	127.5	KS	20260315081500	https://www.koreatimes.co.kr/foreignaffairs/20260315/speculation-grows-over-trump-kim-talks-despite-major-hurdles
1294308099	20260315	202603	2026	2026.2055											BEL	BRUSSELS	BEL								1	042	042	04	1	1.9	6	1	6	1.63487738419619	0								4	New Delhi, Delhi, India	IN	IN07	17911	28.6	77.2	-2106102	4	New Delhi, Delhi, India	IN	IN07	17911	28.6	77.2	-2106102	20260315081500	https://economictimes.indiatimes.com/news/india/eam-s-jaishankar-to-embark-on-two-day-visit-to-brussels/articleshow/129586422.cms
1294308100	20260315	202603	2026	2026.2055											BEL	BRUSSELS	BEL								1	042	042	04	1	1.9	2	1	2	1.63487738419619	0								4	New Delhi, Delhi, India	IN	IN07	17911	28.6	77.2	-2106102	1	Iran	IR	IR		32	53	IR	20260315081500	https://economictimes.indiatimes.com/news/india/eam-s-jaishankar-to-embark-on-two-day-visit-to-brussels/articleshow/129586422.cms
1294308101	20260315	202603	2026	2026.2055											BEL	BRUSSELS	BEL								1	042	042	04	1	1.9	6	1	6	1.14942528735632	0								1	India	IN	IN		20	77	IN	1	India	IN	IN		20	77	IN	20260315081500	https://news.webindia123.com/news/Articles/World/20260315/4427447.html
1294308102	20260315	202603	2026	2026.2055											BEL	BRUSSELS	BEL								1	042	042	04	1	1.9	6	2	6	1.31124265296961	0								1	Iran	IR	IR		32	53	IR	1	Iran	IR	IR		32	53	IR	20260315081500	https://news.webindia123.com/news/Articles/World/20260315/4427447.html
1294308103	20260315	202603	2026	2026.2055											BHR	BAHRAIN	BHR								0	010	010	01	1	0.0	8	1	8	-6.25978090766823	0								4	Manama, Al Manamah, Bahrain	BA	BA02	25307	26.2361	50.5831	-784833	4	Manama, Al Manamah, Bahrain	BA	BA02	25307	26.2361	50.5831	-784833	20260315081500	https://theasian.asia/archives/203874
1294308104	20260315	202603	2026	2026.2055											BHR	BAHRAIN	BHR								0	010	010	01	1	0.0	2	1	2	-6.25978090766823	0								1	United States	US	US		39.828175	-98.5795	US	4	Manama, Al Manamah, Bahrain	BA	BA02	25307	26.2361	50.5831	-784833	20260315081500	https://theasian.asia/archives/203874
1294308105	20260315	202603	2026	2026.2055											BHR	BAHRAIN	BHR								0	190	190	19	4	-10.0	8	1	8	-6.25978090766823	0								4	Manama, Al Manamah, Bahrain	BA	BA02	25307	26.2361	50.5831	-784833	4	Manama, Al Manamah, Bahrain	BA	BA02	25307	26.2361	50.5831	-784833	20260315081500	https://theasian.asia/archives/203874
1294308106	20260315	202603	2026	2026.2055											BHR	BAHRAIN	BHR								0	190	190	19	4	-10.0	2	1	2	-6.25978090766823	0								1	United States	US	US		39.828175	-98.5795	US	4	Manama, Al Manamah, Bahrain	BA	BA02	25307	26.2361	50.5831	-784833	20260315081500	https://theasian.asia/archives/203874
1294308107	20260315	202603	2026	2026.2055											CHN	CHINA	CHN								0	061	061	06	2	6.4	5	1	5	-6.42978003384095	0								1	India	IN	IN		20	77	IN	1	India	IN	IN		20	77	IN	20260315081500	https://www.dailyexcelsior.com/china-may-face-closer-scrutiny-in-us-forced-labour-probe-gtri/
1294308108	20260315	202603	2026	2026.2055											CHN	CHINA	CHN								1	173	173	17	4	-5.0	7	1	7	-5.02793296089385	0								4	Tsuen Wan, Hong Kong (general), Hong Kong	HK	HK00	13031	22.3667	114.1	-1354683	4	Tsuen Wan, Hong Kong (general), Hong Kong	HK	HK00	13031	22.3667	114.1	-1354683	20260315081500	https://www.scmp.com/news/hong-kong/society/article/3346648/couple-arrested-after-their-1-year-old-son-falls-his-death-hong-kong-flat
1294308109	20260315	202603	2026	2026.2055											COP	POLICE						COP			1	100	100	10	3	-5.0	5	1	5	-6.98254364089776	0								0								0								20260315081500	https://www.theargus.co.uk/news/25928663.brighton-magistrates-court-round-up-recent-cases-heard/
1294308110	20260315	202603	2026	2026.2055											CRM	KIDNAPPER						CRM			1	130	130	13	3	-4.4	10	1	10	-5.70342205323194	0								0								0								20260315081500	https://www.thenews.com.pk/latest/1395715-savannah-guthrie-mom-nancy-kidnapper-could-strike-again
1294308111	20260315	202603	2026	2026.2055											CRM	KIDNAPPER						CRM			1	138	138	13	3	-7.0	10	1	10	-5.70342205323194	0								0								0								20260315081500	https://www.thenews.com.pk/latest/1395715-savannah-guthrie-mom-nancy-kidnapper-could-strike-again
1294308112	20260315	202603	2026	2026.2055											CVL	COMMUNITY						CVL			1	036	036	03	1	4.0	5	1	5	6.19195046439628	0								1	Canada	CA	CA		60	-96	CA	1	Canada	CA	CA		60	-96	CA	20260315081500	https://vernonmorningstar.com/2026/03/14/artist-opens-portals-to-elsewhere-at-vernon-gallery/
1294308113	20260315	202603	2026	2026.2055											CVL	NATIONALS						CVL			1	043	043	04	1	2.8	7	1	7	-5.75916230366492	0								4	Gorkha, Haryana, India	IN	IN10	17831	30.1442	76.7181	10448030	4	Gorkha, Haryana, India	IN	IN10	17831	30.1442	76.7181	10448030	20260315081500	https://www.dailyexcelsior.com/bus-carrying-indian-pilgrims-plunges-down-slope-killing-seven/
1294308114	20260315	202603	2026	2026.2055											CVL	COMMUNITY						CVL			1	043	043	04	1	2.8	10	1	10	6.19195046439628	0								1	Canada	CA	CA		60	-96	CA	1	Canada	CA	CA		60	-96	CA	20260315081500	https://vernonmorningstar.com/2026/03/14/artist-opens-portals-to-elsewhere-at-vernon-gallery/
1294308115	20260315	202603	2026	2026.2055											ELI	ACTOR						ELI			1	042	042	04	1	1.9	8	1	8	4.36241610738255	0								4	Seshachalam Hills, Andhra Pradesh, India	IN	IN02	17550	14.3333	78.25	-2110814	4	Seshachalam Hills, Andhra Pradesh, India	IN	IN02	17550	14.3333	78.25	-2110814	20260315081500	https://news.webindia123.com/news/Articles/Entertainment/20260315/4427450.html
1294308116	20260315	202603	2026	2026.2055											ELI	ACTOR						ELI			1	043	043	04	1	2.8	2	1	2	4.36241610738255	0								4	Seshachalam Hills, Andhra Pradesh, India	IN	IN02	17550	14.3333	78.25	-2110814	4	Seshachalam Hills, Andhra Pradesh, India	IN	IN02	17550	14.3333	78.25	-2110814	20260315081500	https://news.webindia123.com/news/Articles/Entertainment/20260315/4427450.html
1294308117	20260315	202603	2026	2026.2055											ELI	ACTOR						ELI			1	051	051	05	1	3.4	8	1	8	4.36241610738255	0								4	Seshachalam Hills, Andhra Pradesh, India	IN	IN02	17550	14.3333	78.25	-2110814	4	Seshachalam Hills, Andhra Pradesh, India	IN	IN02	17550	14.3333	78.25	-2110814	20260315081500	https://news.webindia123.com/news/Articles/Entertainment/20260315/4427450.html
1294308118	20260315	202603	2026	2026.2055											GBR	UNITED KINGDOM	GBR								1	042	042	04	1	1.9	3	1	3	3.28317373461012	0								4	Saltash, Cornwall, United Kingdom	UK	UKC6	40104	50.4081	-4.21528	-2606995	4	Saltash, Cornwall, United Kingdom	UK	UKC6	40104	50.4081	-4.21528	-2606995	20260315081500	https://www.plymouthherald.co.uk/whats-on/food-drink/award-winning-brewery-opens-plymouth-10866592
1294308119	20260315	202603	2026	2026.2055											GBR	UNITED KINGDOM	GBR								1	042	042	04	1	1.9	3	1	3	3.28317373461012	0								4	Saltash, Cornwall, United Kingdom	UK	UKC6	40104	50.4081	-4.21528	-2606995	4	South Brent, Devon, United Kingdom	UK	UKD4	40104	50.4333	-3.83333	-2608180	20260315081500	https://www.plymouthherald.co.uk/whats-on/food-drink/award-winning-brewery-opens-plymouth-10866592
1294308120	20260315	202603	2026	2026.2055											GBR	UNITED KINGDOM	GBR								1	042	042	04	1	1.9	6	1	6	3.89344262295082	0								4	West Midlands, United Kingdom (general), United Kingdom	UK	UK00	40136	52.5	-1.96667	-2611326	4	West Midlands, United Kingdom (general), United Kingdom	UK	UK00	40136	52.5	-1.96667	-2611326	20260315081500	https://www.expressandstar.com/news/business/2026/03/15/west-midlands-to-take-centre-stage-at-uks-real-estate-investment-and-infrastructure-forum-ukreiif-2026/
1294308121	20260315	202603	2026	2026.2055											GBR	UNITED KINGDOM	GBR								1	043	043	04	1	2.8	8	1	8	3.16122233930453	0								5	North Yorkshire, North Yorkshire, United Kingdom	UK	UKJ7	40123	54.1667	-1.5	-2604430	5	North Yorkshire, North Yorkshire, United Kingdom	UK	UKJ7	40123	54.1667	-1.5	-2604430	20260315081500	https://www.express.co.uk/news/uk/2181537/seaside-town-fish-chips-trip-travel
1294308122	20260315	202603	2026	2026.2055											GBR	LEEDS	GBR								1	043	043	04	1	2.8	10	1	10	3.89344262295082	0								4	West Midlands, United Kingdom (general), United Kingdom	UK	UK00	40136	52.5	-1.96667	-2611326	4	West Midlands, United Kingdom (general), United Kingdom	UK	UK00	40136	52.5	-1.96667	-2611326	20260315081500	https://www.expressandstar.com/news/business/2026/03/15/west-midlands-to-take-centre-stage-at-uks-real-estate-investment-and-infrastructure-forum-ukreiif-2026/
1294308123	20260315	202603	2026	2026.2055											GBR	UNITED KINGDOM	GBR								1	071	071	07	2	7.4	6	1	6	3.89344262295082	0								4	West Midlands, United Kingdom (general), United Kingdom	UK	UK00	40136	52.5	-1.96667	-2611326	4	West Midlands, United Kingdom (general), United Kingdom	UK	UK00	40136	52.5	-1.96667	-2611326	20260315081500	https://www.expressandstar.com/news/business/2026/03/15/west-midlands-to-take-centre-stage-at-uks-real-estate-investment-and-infrastructure-forum-ukreiif-2026/
1294308124	20260315	202603	2026	2026.2055											GBR	UNITED KINGDOM	GBR								1	190	190	19	4	-10.0	6	1	6	-3.54535974973931	0								4	Dunkirk, Kent, United Kingdom	UK	UKG5	40117	51.2833	0.983333	-2594899	4	Dunkirk, Kent, United Kingdom	UK	UKG5	40117	51.2833	0.983333	-2594899	20260315081500	https://www.nottinghampost.com/news/nottingham-news/even-kids-good-homes-now-10818204
1294308125	20260315	202603	2026	2026.2055											GBR	UNITED KINGDOM	GBR								1	192	192	19	4	-9.5	2	1	2	3.28317373461012	0								4	Exeter, Devon, United Kingdom	UK	UKD4	40104	50.7	-3.53333	-2595805	4	Exeter, Devon, United Kingdom	UK	UKD4	40104	50.7	-3.53333	-2595805	20260315081500	https://www.plymouthherald.co.uk/whats-on/food-drink/award-winning-brewery-opens-plymouth-10866592
1294308126	20260315	202603	2026	2026.2055											GOV	STATE OFFICIAL						GOV			0	040	040	04	1	1.0	4	1	4	1.05515587529976	0								2	Alabama, United States	US	USAL		32.799	-86.8073	AL	2	Alabama, United States	US	USAL		32.799	-86.8073	AL	20260315081500	https://www.governing.com/archive/health-care-reform-similar-states.html
1294308127	20260315	202603	2026	2026.2055											GOV	GOVERNMENT						GOV			0	040	040	04	1	1.0	8	1	8	0.44943820224719	0								1	China	CH	CH		35	105	CH	1	Japan	JA	JA		36	138	JA	20260315081500	https://www.koreatimes.co.kr/foreignaffairs/20260315/korea-faces-dilemma-following-trumps-request-to-send-warships-to-hormuz
1294308128	20260315	202603	2026	2026.2055											GOV	STATE OFFICIAL						GOV			0	040	040	04	1	1.0	6	1	6	1.05515587529976	0								2	New Mexico, United States	US	USNM		34.8375	-106.237	NM	2	New Mexico, United States	US	USNM		34.8375	-106.237	NM	20260315081500	https://www.governing.com/archive/health-care-reform-similar-states.html
1294308129	20260315	202603	2026	2026.2055											GOV	PRESIDENT						GOV			1	043	043	04	1	2.8	10	1	10	0	0								4	Changwon, Kyongsang-namdo, South Korea	KS	KS20	24982	35.2281	128.681	-706032	4	Changwon, Kyongsang-namdo, South Korea	KS	KS20	24982	35.2281	128.681	-706032	20260315081500	https://www.koreatimes.co.kr/southkorea/20260315/lee-vows-expanded-compensation-for-activists-of-1960-democracy-movement
1294308130	20260315	202603	2026	2026.2055											GOV	GOVERNMENT						GOV			0	051	051	05	1	3.4	10	1	10	0	0								4	Bhangar, Maharashtra, India	IN	IN16	17778	17.8333	73.25	-2091343	4	Bhangar, Maharashtra, India	IN	IN16	17778	17.8333	73.25	-2091343	20260315081500	https://economictimes.indiatimes.com/news/elections/assembly-elections/west-bengal/west-bengal-election-2021-results-looking-back-at-how-mamata-banerjee-and-co-defied-the-bjp-surge-for-the-battle-of-bengal/articleshow/129585995.cms
1294308131	20260315	202603	2026	2026.2055											GOV	AUTHORITIES						GOV			0	130	130	13	3	-4.4	10	1	10	-2.99792223211636	0								4	Isfahan, Esfahan, Iran	IR	IR28	40941	32.6597	51.6714	6013426	4	Isfahan, Esfahan, Iran	IR	IR28	40941	32.6597	51.6714	6013426	20260315081500	https://www.mirror.co.uk/news/world-news/iran-trump-mojtaba-khamenei-live-36843602
1294308132	20260315	202603	2026	2026.2055											IND	ASSAM	IND								1	042	042	04	1	1.9	2	1	2	-1.51133501259445	0								4	Guwahati, Assam, India	IN	IN03	17583	26.1833	91.7333	-2096059	4	Barpeta, Assam, India	IN	IN03	17583	26.3167	91	-2090641	20260315081500	https://www.dailyexcelsior.com/cong-pocketed-rs-150-cr-per-annum-from-assam-healthcare-budget-during-15-yrs-of-rule-shah/
1294308133	20260315	202603	2026	2026.2055											IRN	IRANIAN	IRN								0	046	046	04	1	7.0	5	1	5	-2.99792223211636	0								4	Isfahan, Esfahan, Iran	IR	IR28	40941	32.6597	51.6714	6013426	4	Isfahan, Esfahan, Iran	IR	IR28	40941	32.6597	51.6714	6013426	20260315081500	https://www.mirror.co.uk/news/world-news/iran-trump-mojtaba-khamenei-live-36843602
1294308134	20260315	202603	2026	2026.2055											JUD	FEDERAL JUDGE						JUD			0	020	020	02	1	3.0	10	1	10	-0.20470829068577	0								3	White House, District of Columbia, United States	US	USDC		38.8951	-77.0364	531871	3	White House, District of Columbia, United States	US	USDC		38.8951	-77.0364	531871	20260315081500	https://www.bostonglobe.com/2026/03/15/opinion/era-28th-amendment-ratification-ginsburg/
1294308135	20260315	202603	2026	2026.2055											KOR	SOUTH KOREA	KOR								0	036	036	03	1	4.0	2	1	2	0.44943820224719	0								4	Seoul, Soul-t'ukpyolsi, South Korea	KS	KS11	24984	37.5664	127	-716583	4	Seoul, Soul-t'ukpyolsi, South Korea	KS	KS11	24984	37.5664	127	-716583	20260315081500	https://www.koreatimes.co.kr/foreignaffairs/20260315/korea-faces-dilemma-following-trumps-request-to-send-warships-to-hormuz
1294308136	20260315	202603	2026	2026.2055											KOR	SOUTH KOREA	KOR								0	036	036	03	1	4.0	2	1	2	0.44943820224719	0								4	Seoul, Soul-t'ukpyolsi, South Korea	KS	KS11	24984	37.5664	127	-716583	1	Japan	JA	JA		36	138	JA	20260315081500	https://www.koreatimes.co.kr/foreignaffairs/20260315/korea-faces-dilemma-following-trumps-request-to-send-warships-to-hormuz
1294308137	20260315	202603	2026	2026.2055											KOR	SOUTH KOREAN	KOR								1	040	040	04	1	1.0	1	1	1	0.13966480446927	0								1	South Korea	KS	KS		37	127.5	KS	4	Pyongyang, P'yongyang-si, North Korea	KN	KN12	39681	39.0194	125.755	-183459	20260315081500	https://www.koreatimes.co.kr/foreignaffairs/20260315/speculation-grows-over-trump-kim-talks-despite-major-hurdles
1294308138	20260315	202603	2026	2026.2055											KOR	SOUTH KOREA	KOR								1	043	043	04	1	2.8	6	1	6	4.10256410256411	0								4	Gunsan, Cholla-bukto, South Korea	KS	KS03	24976	35.9786	126.711	-710370	4	Gunsan, Cholla-bukto, South Korea	KS	KS03	24976	35.9786	126.711	-710370	20260315081500	https://www.koreatimes.co.kr/business/companies/20260315/sale-of-hd-hyundais-gunsan-dockyard-gives-boost-to-masga
1294308139	20260315	202603	2026	2026.2055											KOR	SEOUL	KOR								1	043	043	04	1	2.8	2	1	2	4.10256410256411	0								4	Seoul, Soul-t'ukpyolsi, South Korea	KS	KS11	24984	37.5664	127	-716583	4	Gunsan, Cholla-bukto, South Korea	KS	KS03	24976	35.9786	126.711	-710370	20260315081500	https://www.koreatimes.co.kr/business/companies/20260315/sale-of-hd-hyundais-gunsan-dockyard-gives-boost-to-masga
1294308140	20260315	202603	2026	2026.2055											KOR	SOUTH KOREA	KOR								1	057	057	05	1	8.0	6	1	6	4.10256410256411	0								4	Gunsan, Cholla-bukto, South Korea	KS	KS03	24976	35.9786	126.711	-710370	4	Gunsan, Cholla-bukto, South Korea	KS	KS03	24976	35.9786	126.711	-710370	20260315081500	https://www.koreatimes.co.kr/business/companies/20260315/sale-of-hd-hyundais-gunsan-dockyard-gives-boost-to-masga
1294308141	20260315	202603	2026	2026.2055											KOR	SEOUL	KOR								1	057	057	05	1	8.0	4	1	4	4.10256410256411	0								4	Seoul, Soul-t'ukpyolsi, South Korea	KS	KS11	24984	37.5664	127	-716583	4	Gunsan, Cholla-bukto, South Korea	KS	KS03	24976	35.9786	126.711	-710370	20260315081500	https://www.koreatimes.co.kr/business/companies/20260315/sale-of-hd-hyundais-gunsan-dockyard-gives-boost-to-masga
1294308142	20260315	202603	2026	2026.2055											MED	MEDIA						MED			0	010	010	01	1	0.0	4	1	4	-2.99792223211636	0								4	Isfahan, Esfahan, Iran	IR	IR28	40941	32.6597	51.6714	6013426	1	France	FR	FR		46	2	FR	20260315081500	https://www.mirror.co.uk/news/world-news/iran-trump-mojtaba-khamenei-live-36843602
1294308143	20260315	202603	2026	2026.2055											MED	MEDIA						MED			0	100	100	10	3	-5.0	6	1	6	-2.99792223211636	0								4	Isfahan, Esfahan, Iran	IR	IR28	40941	32.6597	51.6714	6013426	4	Isfahan, Esfahan, Iran	IR	IR28	40941	32.6597	51.6714	6013426	20260315081500	https://www.mirror.co.uk/news/world-news/iran-trump-mojtaba-khamenei-live-36843602
1294308144	20260315	202603	2026	2026.2055											REL	PILGRIM									1	043	043	04	1	2.8	2	1	2	-5.75916230366492	0								5	Gandaki, Gandaki, Nepal	NP	NP04	22363	28.3333	84.3833	-1021959	5	Gandaki, Gandaki, Nepal	NP	NP04	22363	28.3333	84.3833	-1021959	20260315081500	https://www.dailyexcelsior.com/bus-carrying-indian-pilgrims-plunges-down-slope-killing-seven/
1294308145	20260315	202603	2026	2026.2055											USA	AMERICAN	USA								1	036	036	03	1	4.0	2	1	2	8.29694323144105	0								4	Kolkata, West Bengal, India	IN	IN28	70294	22.5697	88.3697	-2092511	3	Hollywood, California, United States	US	USCA	CA037	34.0983	-118.327	1660757	20260315081500	https://www.indiatvnews.com/entertainment/hollywood/india-at-the-oscars-from-the-first-indian-film-to-win-to-the-first-indian-on-the-jury-2026-03-15-1033696
1294308146	20260315	202603	2026	2026.2055											USA	UNITED STATES	USA								0	046	046	04	1	7.0	1	1	1	0.13966480446927	0								4	Pyongyang, P'yongyang-si, North Korea	KN	KN12	39681	39.0194	125.755	-183459	4	Pyongyang, P'yongyang-si, North Korea	KN	KN12	39681	39.0194	125.755	-183459	20260315081500	https://www.koreatimes.co.kr/foreignaffairs/20260315/speculation-grows-over-trump-kim-talks-despite-major-hurdles
1294308147	20260315	202603	2026	2026.2055											USA	UNITED STATES	USA								1	112	112	11	3	-2.0	2	1	2	-12.5	0								3	Philadelphia, Pennsylvania, United States	US	USPA	PA101	39.9523	-75.1638	1209052	3	Philadelphia, Pennsylvania, United States	US	USPA	PA101	39.9523	-75.1638	1209052	20260315081500	https://www.kfvs12.com/2026/03/15/man-arrested-mccracken-county-ky-connection-with-vehicle-theft/
1294308148	20260315	202603	2026	2026.2055											USA	UNITED STATES	USA								1	112	112	11	3	-2.0	2	1	2	-12.5	0								3	Philadelphia, Pennsylvania, United States	US	USPA	PA101	39.9523	-75.1638	1209052	3	Marshall County, Mississippi, United States	US	USMS		34.8026	-89.5309	695770	20260315081500	https://www.kfvs12.com/2026/03/15/man-arrested-mccracken-county-ky-connection-with-vehicle-theft/
1294308149	20260315	202603	2026	2026.2055											USA	AMERICAN	USA								0	130	130	13	3	-4.4	2	1	2	-6.25978090766823	0								4	Manama, Al Manamah, Bahrain	BA	BA02	25307	26.2361	50.5831	-784833	4	Manama, Al Manamah, Bahrain	BA	BA02	25307	26.2361	50.5831	-784833	20260315081500	https://theasian.asia/archives/203874
1294308150	20260315	202603	2026	2026.2055											USA	UNITED STATES	USA								1	190	190	19	4	-10.0	2	1	2	-5.54919908466819	0								3	Old Dominion, Virginia, United States	US	USVA		37.8276	-78.6661	1499819	3	Old Dominion, Virginia, United States	US	USVA		37.8276	-78.6661	1499819	20260315081500	https://edition.cnn.com/2026/03/15/us/mohamed-bailor-jalloh-old-dominion
1294308151	20260315	202603	2026	2026.2055											USAMED	AMERICAN	USA					MED			1	036	036	03	1	4.0	6	1	6	8.29694323144105	0								2	California, United States	US	USCA		36.17	-119.746	CA	2	California, United States	US	USCA		36.17	-119.746	CA	20260315081500	https://www.indiatvnews.com/entertainment/hollywood/india-at-the-oscars-from-the-first-indian-film-to-win-to-the-first-indian-on-the-jury-2026-03-15-1033696
1294308152	20260315	202603	2026	2026.2055											USAMED	AMERICAN	USA					MED			1	042	042	04	1	1.9	6	1	6	8.29694323144105	0								2	California, United States	US	USCA		36.17	-119.746	CA	2	California, United States	US	USCA		36.17	-119.746	CA	20260315081500	https://www.indiatvnews.com/entertainment/hollywood/india-at-the-oscars-from-the-first-indian-film-to-win-to-the-first-indian-on-the-jury-2026-03-15-1033696
1294308153	20260315	202603	2026	2026.2055	ARE	UNITED ARAB EMIRATES	ARE																		0	190	190	19	4	-10.0	2	1	2	-7.04845814977974	1	Israel	IS	IS		31.5	34.75	IS	0								1	Israel	IS	IS		31.5	34.75	IS	20260315081500	https://www.dailyexcelsior.com/uae-reports-new-missile-attack-day-after-iran-warns-3-major-ports-to-evacuate/
1294308154	20260315	202603	2026	2026.2055	ARE	UNITED ARAB EMIRATES	ARE																		0	194	194	19	4	-10.0	18	1	18	-6.21906781965519	4	Dubai, Dubayy, United Arab Emirates	AE	AE03	28575	25.2522	55.28	-782831	0								4	Dubai, Dubayy, United Arab Emirates	AE	AE03	28575	25.2522	55.28	-782831	20260315081500	https://www.dailyexcelsior.com/latest-uae-reports-new-missile-attack-day-after-iran-warns-3-major-ports-to-evacuate/
1294308155	20260315	202603	2026	2026.2055	ARE	UNITED ARAB EMIRATES	ARE																		0	194	194	19	4	-10.0	2	1	2	-7.04845814977974	1	Israel	IS	IS		31.5	34.75	IS	0								4	Dubai, Dubayy, United Arab Emirates	AE	AE03	28575	25.2522	55.28	-782831	20260315081500	https://www.dailyexcelsior.com/uae-reports-new-missile-attack-day-after-iran-warns-3-major-ports-to-evacuate/
1294308156	20260315	202603	2026	2026.2055	ARE	DUBAI	ARE								LAB	EMPLOYEE						LAB			0	020	020	02	1	3.0	3	1	3	-4.08997955010225	1	Qatar	QA	QA		25.5	51.25	QA	1	Qatar	QA	QA		25.5	51.25	QA	1	Qatar	QA	QA		25.5	51.25	QA	20260315081500	https://www.livemint.com/industry/export-shipment-delays-cloud-payment-flows-for-india-s-cross-border-fintechs-11773402525321.html
1294308157	20260315	202603	2026	2026.2055	ARE	DUBAI	ARE								nep	NEPALI			nep						0	010	010	01	1	0.0	3	1	3	-3.93401015228427	4	Dubai, Dubayy, United Arab Emirates	AE	AE03	28575	25.2522	55.28	-782831	4	Dubai, Dubayy, United Arab Emirates	AE	AE03	28575	25.2522	55.28	-782831	4	Dubai, Dubayy, United Arab Emirates	AE	AE03	28575	25.2522	55.28	-782831	20260315081500	https://www.spotlightnepal.com/2026/03/15/nepali-middle-east-living-under-threat/
1294308158	20260315	202603	2026	2026.2055	AUS	VICTORIA	AUS																		1	033	033	03	1	5.2	5	1	5	3.31125827814569	0								0								0								20260315081500	https://www.echo-news.co.uk/news/25935271.southend-sutton-road-22-flats-site-market-850-000/
1294308159	20260315	202603	2026	2026.2055	BEL	BRUSSELS	BEL																		1	043	043	04	1	2.8	20	2	20	1.39215133577625	4	Brussels, Bruxelles-Capitale, Belgium	BE	BE11	5850	50.8333	4.33333	-1955538	0								4	Brussels, Bruxelles-Capitale, Belgium	BE	BE11	5850	50.8333	4.33333	-1955538	20260315081500	https://news.webindia123.com/news/Articles/World/20260315/4427447.html
1294308160	20260315	202603	2026	2026.2055	BGD	BANGLADESH	BGD																		1	012	012	01	1	-0.4	2	1	2	-1.43678160919541	4	Debidwar, Chittagong, Bangladesh	BG	BG84	5771	23.6625	91.0003	8033313	0								4	Debidwar, Chittagong, Bangladesh	BG	BG84	5771	23.6625	91.0003	8033313	20260315081500	https://www.jagonews24.com/en/education/news/90828
1294308161	20260315	202603	2026	2026.2055	BHR	BAHRAIN	BHR								CVL	RESIDENTS						CVL			0	020	020	02	1	3.0	1	1	1	-5.74948665297741	4	Kharg, Bushehr, Iran	IR	IR22	40962	29.25	50.3286	-3067896	1	United Arab Emirates	AE	AE		24	54	AE	1	United Arab Emirates	AE	AE		24	54	AE	20260315081500	https://www.semissourian.com/world/the-latest-iran-threatens-uae-as-trump-urges-us-allies-to-send-warships-to-strait-of-hormuz-35ce9e56
1294308162	20260315	202603	2026	2026.2055	BHR	BAHRAIN	BHR								MIL	MILITARY						MIL			0	043	043	04	1	2.8	8	1	8	-3.93401015228427	4	Bahrain International Airport, Al Mu?arraq, Bahrain	BA	BA15	25307	26.2728	50.6264	-784886	1	Iran	IR	IR		32	53	IR	4	Bahrain International Airport, Al Mu?arraq, Bahrain	BA	BA15	25307	26.2728	50.6264	-784886	20260315081500	https://www.spotlightnepal.com/2026/03/15/nepali-middle-east-living-under-threat/
1294308163	20260315	202603	2026	2026.2055	BHR	BAHRAIN	BHR								MIL	MILITARY						MIL			0	043	043	04	1	2.8	2	1	2	-3.93401015228427	4	Doha, Ad Daw?ah, Qatar	QA	QA01	25307	25.2867	51.5333	-785169	4	Doha, Ad Daw?ah, Qatar	QA	QA01	25307	25.2867	51.5333	-785169	4	Doha, Ad Daw?ah, Qatar	QA	QA01	25307	25.2867	51.5333	-785169	20260315081500	https://www.spotlightnepal.com/2026/03/15/nepali-middle-east-living-under-threat/
1294308164	20260315	202603	2026	2026.2055	BHR	BAHRAIN	BHR								PHL	PHILIPPINE	PHL								1	042	042	04	1	1.9	1	1	1	-4.88888888888889	1	Bahrain	BA	BA		26	50.5	BA	4	Ninoy Aquino International Airport, Pasay, Philippines	RP	RPE9	24210	14.505	121.005	10585004	4	Ninoy Aquino International Airport, Pasay, Philippines	RP	RPE9	24210	14.505	121.005	10585004	20260315081500	https://www.philstar.com/headlines/2026/03/15/2514510/pinoys-arrive-philippines-qatar-saudi-arabia-amid-middle-east-tensions-dmw
1294308165	20260315	202603	2026	2026.2055	BHR	BAHRAIN	BHR								PHL	PHILIPPINE	PHL								1	042	042	04	1	1.9	2	1	2	-4.88888888888889	1	Bahrain	BA	BA		26	50.5	BA	4	Ninoy Aquino International Airport, Pasay, Philippines	RP	RPE9	24210	14.505	121.005	10585004	1	Saudi Arabia	SA	SA		25	45	SA	20260315081500	https://www.philstar.com/headlines/2026/03/15/2514510/pinoys-arrive-philippines-qatar-saudi-arabia-amid-middle-east-tensions-dmw
1294308166	20260315	202603	2026	2026.2055	BHR	BAHRAIN	BHR								PHL	PHILIPPINE	PHL								1	042	042	04	1	1.9	1	1	1	-4.88888888888889	1	Saudi Arabia	SA	SA		25	45	SA	4	Ninoy Aquino International Airport, Pasay, Philippines	RP	RPE9	24210	14.505	121.005	10585004	4	Ninoy Aquino International Airport, Pasay, Philippines	RP	RPE9	24210	14.505	121.005	10585004	20260315081500	https://www.philstar.com/headlines/2026/03/15/2514510/pinoys-arrive-philippines-qatar-saudi-arabia-amid-middle-east-tensions-dmw
1294308167	20260315	202603	2026	2026.2055	BUS	BUSINESS						BUS													1	010	010	01	1	0.0	10	1	10	5.73913043478261	1	Germany	GM	GM		51.5	10.5	GM	0								1	Germany	GM	GM		51.5	10.5	GM	20260315081500	https://www.dailypolitical.com/2026/03/15/great-west-lifeco-inc-tsegwo-receives-c67-22-consensus-price-target-from-analysts.html
1294308168	20260315	202603	2026	2026.2055	BUS	INDUSTRY						BUS													1	051	051	05	1	3.4	10	2	10	5.73476702508961	1	Sweden	SW	SW		62	15	SW	0								1	Sweden	SW	SW		62	15	SW	20260315081500	https://kiss951.com/2026/03/15/this-day-in-top-40-history-march-15/
1294308169	20260315	202603	2026	2026.2055	BUS	COMPANY						BUS													1	071	071	07	2	7.4	10	1	10	0.95057034220533	4	London, London, City of, United Kingdom	UK	UKH9	40110	51.5	-0.116667	-2601889	0								4	London, London, City of, United Kingdom	UK	UKH9	40110	51.5	-0.116667	-2601889	20260315081500	https://www.dailypolitical.com/2026/03/15/bp-nysebp-upgraded-to-buy-at-wall-street-zen.html
1294308170	20260315	202603	2026	2026.2055	BUS	EXPORTER						BUS													1	090	090	09	2	-2.0	5	1	5	-3.62173038229376	4	New Delhi, Delhi, India	IN	IN07	17911	28.6	77.2	-2106102	0								4	New Delhi, Delhi, India	IN	IN07	17911	28.6	77.2	-2106102	20260315081500	https://economictimes.indiatimes.com/news/economy/foreign-trade/planning-early-shipments-exploring-alternate-routes-amid-west-asia-crisis-exporters/articleshow/129586370.cms
1294308171	20260315	202603	2026	2026.2055	BUS	EXPORTER						BUS													1	090	090	09	2	-2.0	5	1	5	-3.62173038229376	1	Iran	IR	IR		32	53	IR	0								1	Iran	IR	IR		32	53	IR	20260315081500	https://economictimes.indiatimes.com/news/economy/foreign-trade/planning-early-shipments-exploring-alternate-routes-amid-west-asia-crisis-exporters/articleshow/129586370.cms
1294308172	20260315	202603	2026	2026.2055	BUS	STEELWORKER						BUS													0	120	120	12	3	-4.0	5	1	5	0.95057034220533	2	Indiana, United States	US	USIN		39.8647	-86.2604	IN	0								2	Indiana, United States	US	USIN		39.8647	-86.2604	IN	20260315081500	https://www.dailypolitical.com/2026/03/15/bp-nysebp-upgraded-to-buy-at-wall-street-zen.html
1294308173	20260315	202603	2026	2026.2055	BUS	BUSINESS						BUS			CVL	PRIVATE CITIZEN						CVL			1	111	111	11	3	-2.0	5	1	5	-0.49362402303579	4	Stabroek, Demerara-Mahaica, Guyana	GY	GY12	17145	6.8094	-58.1615	-922968	4	Stabroek, Demerara-Mahaica, Guyana	GY	GY12	17145	6.8094	-58.1615	-922968	4	Stabroek, Demerara-Mahaica, Guyana	GY	GY12	17145	6.8094	-58.1615	-922968	20260315081500	https://www.stabroeknews.com/2026/03/15/features/in-the-diaspora/in-the-diaspora-a-final-reflection/
1294308174	20260315	202603	2026	2026.2055	BUS	BUSINESS						BUS			GUYELI	JANET JAGAN	GUY					ELI			1	111	111	11	3	-2.0	5	1	5	-0.49362402303579	4	Stabroek, Demerara-Mahaica, Guyana	GY	GY12	17145	6.8094	-58.1615	-922968	4	Stabroek, Demerara-Mahaica, Guyana	GY	GY12	17145	6.8094	-58.1615	-922968	4	Stabroek, Demerara-Mahaica, Guyana	GY	GY12	17145	6.8094	-58.1615	-922968	20260315081500	https://www.stabroeknews.com/2026/03/15/features/in-the-diaspora/in-the-diaspora-a-final-reflection/
1294308175	20260315	202603	2026	2026.2055	CAN	CANADA	CAN																		1	051	051	05	1	3.4	1	1	1	1.92307692307693	4	Quebec, Quebec, Canada	CA	CA10	12750	47.5	-72	-571850	0								4	Quebec, Quebec, Canada	CA	CA10	12750	47.5	-72	-571850	20260315081500	https://www.theargus.co.uk/news/25927563.southern-water-signs-armed-forces-covenant-veterans/
1294308176	20260315	202603	2026	2026.2055	CAN	CANADA	CAN								GOV	CHIEF EXECUTIVE						GOV			1	051	051	05	1	3.4	1	1	1	1.92307692307693	4	Quebec, Quebec, Canada	CA	CA10	12750	47.5	-72	-571850	4	Quebec, Quebec, Canada	CA	CA10	12750	47.5	-72	-571850	4	Quebec, Quebec, Canada	CA	CA10	12750	47.5	-72	-571850	20260315081500	https://www.theargus.co.uk/news/25927563.southern-water-signs-armed-forces-covenant-veterans/
1294308177	20260315	202603	2026	2026.2055	CHN	CHINA	CHN																		1	012	012	01	1	-0.4	2	1	2	-2.45098039215686	4	Tehran, Tehran, Iran	IR	IR26	41130	35.75	51.5148	10074674	0								4	Tehran, Tehran, Iran	IR	IR26	41130	35.75	51.5148	10074674	20260315081500	https://pakobserver.net/trump-threatens-more-strikes-on-kharg-island-says-deal-not-good-enough-yet/
1294308178	20260315	202603	2026	2026.2055	CHN	CHINA	CHN																		0	012	012	01	1	-0.4	2	1	2	-2.74170274170274	4	Yingtan, Gansu, China	CH	CH15	13208	35.5735	102.971	10733005	0								4	Yingtan, Gansu, China	CH	CH15	13208	35.5735	102.971	10733005	20260315081500	https://www.koreatimes.co.kr/economy/20260315/can-ai-save-aging-east-asian-economies
1294308179	20260315	202603	2026	2026.2055	CHN	CHINA	CHN																		1	090	090	09	2	-2.0	5	1	5	-3.62173038229376	1	Iran	IR	IR		32	53	IR	0								1	Iran	IR	IR		32	53	IR	20260315081500	https://economictimes.indiatimes.com/news/economy/foreign-trade/planning-early-shipments-exploring-alternate-routes-amid-west-asia-crisis-exporters/articleshow/129586370.cms
1294308180	20260315	202603	2026	2026.2055	CHN	CHINA	CHN								GBR	UNITED KINGDOM	GBR								1	193	193	19	4	-10.0	1	1	1	0.44943820224719	1	China	CH	CH		35	105	CH	4	Seoul, Soul-t'ukpyolsi, South Korea	KS	KS11	24984	37.5664	127	-716583	2	Maryland, United States	US	USMD		39.0724	-76.7902	MD	20260315081500	https://www.koreatimes.co.kr/foreignaffairs/20260315/korea-faces-dilemma-following-trumps-request-to-send-warships-to-hormuz
1294308181	20260315	202603	2026	2026.2055	CHN	CHINA	CHN								GBR	UNITED KINGDOM	GBR								1	193	193	19	4	-10.0	2	1	2	0.44943820224719	1	China	CH	CH		35	105	CH	1	United Kingdom	UK	UK		54	-4	UK	2	Maryland, United States	US	USMD		39.0724	-76.7902	MD	20260315081500	https://www.koreatimes.co.kr/foreignaffairs/20260315/korea-faces-dilemma-following-trumps-request-to-send-warships-to-hormuz
1294308182	20260315	202603	2026	2026.2055	CHN	CHINA	CHN								MIL	WARSHIP						MIL			0	013	013	01	1	0.4	3	1	3	-2.99792223211636	4	Kharg, Qinghai, China	CH	CH06	13209	37.2232	100.416	-1908197	1	South Korea	KS	KS		37	127.5	KS	1	South Korea	KS	KS		37	127.5	KS	20260315081500	https://www.mirror.co.uk/news/world-news/iran-trump-mojtaba-khamenei-live-36843602
1294308183	20260315	202603	2026	2026.2055	CHN	CHINA	CHN								MIL	WARSHIP						MIL			0	013	013	01	1	0.4	1	1	1	-2.99792223211636	4	Mizan, Ardabil, Iran	IR	IR32	41035	38.365	47.3979	-3075230	4	Mizan, Ardabil, Iran	IR	IR32	41035	38.365	47.3979	-3075230	4	Mizan, Ardabil, Iran	IR	IR32	41035	38.365	47.3979	-3075230	20260315081500	https://www.mirror.co.uk/news/world-news/iran-trump-mojtaba-khamenei-live-36843602
1294308184	20260315	202603	2026	2026.2055	CHN	CHINA	CHN								MIL	WARSHIP						MIL			0	013	013	01	1	0.4	1	1	1	-2.99792223211636	1	United Kingdom	UK	UK		54	-4	UK	1	South Korea	KS	KS		37	127.5	KS	1	South Korea	KS	KS		37	127.5	KS	20260315081500	https://www.mirror.co.uk/news/world-news/iran-trump-mojtaba-khamenei-live-36843602
1294308185	20260315	202603	2026	2026.2055	COP	POLICE						COP			GOV	RULER						GOV			1	051	051	05	1	3.4	1	1	1	-3.54535974973931	5	Nottinghamshire, Nottinghamshire, United Kingdom	UK	UKJ9	40126	53.1667	-1	-2604470	4	Nottingham, Nottingham, United Kingdom	UK	UKJ8	40126	52.9667	-1.16667	-2604469	5	Nottinghamshire, Nottinghamshire, United Kingdom	UK	UKJ9	40126	53.1667	-1	-2604470	20260315081500	https://www.nottinghampost.com/news/nottingham-news/even-kids-good-homes-now-10818204
1294308186	20260315	202603	2026	2026.2055	COP	POLICE OFFICER						COP			KOR	SEOUL	KOR								1	090	090	09	2	-2.0	10	1	10	-3.65853658536586	4	Seoul, Soul-t'ukpyolsi, South Korea	KS	KS11	24984	37.5664	127	-716583	4	Seoul, Soul-t'ukpyolsi, South Korea	KS	KS11	24984	37.5664	127	-716583	4	Seoul, Soul-t'ukpyolsi, South Korea	KS	KS11	24984	37.5664	127	-716583	20260315081500	https://www.koreatimes.co.kr/southkorea/society/20260315/bts-concert-security-concerns-block-rooftop-access-at-31-buildings
1294308187	20260315	202603	2026	2026.2055	COP	POLICE OFFICER						COP			KOR	SEOUL	KOR								1	141	141	14	3	-6.5	8	1	8	-3.65853658536586	4	Seoul, Soul-t'ukpyolsi, South Korea	KS	KS11	24984	37.5664	127	-716583	4	Seoul, Soul-t'ukpyolsi, South Korea	KS	KS11	24984	37.5664	127	-716583	4	Seoul, Soul-t'ukpyolsi, South Korea	KS	KS11	24984	37.5664	127	-716583	20260315081500	https://www.koreatimes.co.kr/southkorea/society/20260315/bts-concert-security-concerns-block-rooftop-access-at-31-buildings
1294308188	20260315	202603	2026	2026.2055	COP	POLICE						COP			MED	MEDIA						MED			1	051	051	05	1	3.4	1	1	1	-3.54535974973931	5	Nottinghamshire, Nottinghamshire, United Kingdom	UK	UKJ9	40126	53.1667	-1	-2604470	5	Nottinghamshire, Nottinghamshire, United Kingdom	UK	UKJ9	40126	53.1667	-1	-2604470	5	Nottinghamshire, Nottinghamshire, United Kingdom	UK	UKJ9	40126	53.1667	-1	-2604470	20260315081500	https://www.nottinghampost.com/news/nottingham-news/even-kids-good-homes-now-10818204
1294308189	20260315	202603	2026	2026.2055	COP	POLICE						COP			MED	MEDIA						MED			1	130	130	13	3	-4.4	2	1	2	-3.54535974973931	4	Dunkirk, Kent, United Kingdom	UK	UKG5	40117	51.2833	0.983333	-2594899	4	Dunkirk, Kent, United Kingdom	UK	UKG5	40117	51.2833	0.983333	-2594899	4	Dunkirk, Kent, United Kingdom	UK	UKG5	40117	51.2833	0.983333	-2594899	20260315081500	https://www.nottinghampost.com/news/nottingham-news/even-kids-good-homes-now-10818204
1294308190	20260315	202603	2026	2026.2055	COP	POLICE						COP			REL	PILGRIM									1	043	043	04	1	2.8	2	1	2	-5.75916230366492	4	Gorkha, Haryana, India	IN	IN10	17831	30.1442	76.7181	10448030	5	Gandaki, Gandaki, Nepal	NP	NP04	22363	28.3333	84.3833	-1021959	5	Gandaki, Gandaki, Nepal	NP	NP04	22363	28.3333	84.3833	-1021959	20260315081500	https://www.dailyexcelsior.com/bus-carrying-indian-pilgrims-plunges-down-slope-killing-seven/
1294308191	20260315	202603	2026	2026.2055	COP	POLICE						COP			USA	UNITED STATES	USA								0	042	042	04	1	1.9	6	1	4	-5.54919908466819	3	Old Dominion University, Virginia, United States	US	USVA	VA710	36.8901	-76.3046	1479256	3	Old Dominion University, Virginia, United States	US	USVA		36.8901	-76.3046	1479256	3	Old Dominion University, Virginia, United States	US	USVA		36.8901	-76.3046	1479256	20260315081500	https://edition.cnn.com/2026/03/15/us/mohamed-bailor-jalloh-old-dominion
1294308192	20260315	202603	2026	2026.2055	COP	POLICE						COP			USA	UNITED STATES	USA								0	042	042	04	1	1.9	8	1	4	-5.54919908466819	3	Old Dominion University, Virginia, United States	US	USVA	VA710	36.8901	-76.3046	1479256	3	Norfolk, Virginia, United States	US	USVA	VA710	36.8468	-76.2852	1497051	3	Old Dominion University, Virginia, United States	US	USVA		36.8901	-76.3046	1479256	20260315081500	https://edition.cnn.com/2026/03/15/us/mohamed-bailor-jalloh-old-dominion
1294308193	20260315	202603	2026	2026.2055	COP	POLICE						COP			USA	UNITED STATES	USA								0	042	042	04	1	1.9	2	1	2	-5.54919908466819	3	Old Dominion University, Virginia, United States	US	USVA	VA710	36.8901	-76.3046	1479256	3	Old Dominion, Virginia, United States	US	USVA		37.8276	-78.6661	1499819	3	Old Dominion University, Virginia, United States	US	USVA		36.8901	-76.3046	1479256	20260315081500	https://edition.cnn.com/2026/03/15/us/mohamed-bailor-jalloh-old-dominion
1294308194	20260315	202603	2026	2026.2055	COP	POLICE						COP			USA	VIRGINIA	USA								0	042	042	04	1	1.9	4	1	2	-5.54919908466819	3	Old Dominion University, Virginia, United States	US	USVA	VA710	36.8901	-76.3046	1479256	2	Virginia, United States	US	USVA		37.768	-78.2057	VA	3	Old Dominion University, Virginia, United States	US	USVA		36.8901	-76.3046	1479256	20260315081500	https://edition.cnn.com/2026/03/15/us/mohamed-bailor-jalloh-old-dominion
1294308195	20260315	202603	2026	2026.2055	COP	POLICE						COP			USA	UNITED STATES	USA								0	193	193	19	4	-10.0	1	1	1	-5.54919908466819	3	Old Dominion University, Virginia, United States	US	USVA	VA710	36.8901	-76.3046	1479256	3	Old Dominion University, Virginia, United States	US	USVA		36.8901	-76.3046	1479256	3	Old Dominion University, Virginia, United States	US	USVA		36.8901	-76.3046	1479256	20260315081500	https://edition.cnn.com/2026/03/15/us/mohamed-bailor-jalloh-old-dominion
1294308196	20260315	202603	2026	2026.2055	COP	POLICE						COP			USA	UNITED STATES	USA								0	193	193	19	4	-10.0	2	1	1	-5.54919908466819	3	Old Dominion University, Virginia, United States	US	USVA	VA710	36.8901	-76.3046	1479256	3	Old Dominion University, Virginia, United States	US	USVA		36.8901	-76.3046	1479256	2	Virginia, United States	US	USVA		37.768	-78.2057	VA	20260315081500	https://edition.cnn.com/2026/03/15/us/mohamed-bailor-jalloh-old-dominion
1294308197	20260315	202603	2026	2026.2055	COP	POLICE						COP			USA	UNITED STATES	USA								0	193	193	19	4	-10.0	1	1	1	-5.54919908466819	3	Old Dominion University, Virginia, United States	US	USVA	VA710	36.8901	-76.3046	1479256	3	Norfolk, Virginia, United States	US	USVA	VA710	36.8468	-76.2852	1497051	3	Old Dominion University, Virginia, United States	US	USVA		36.8901	-76.3046	1479256	20260315081500	https://edition.cnn.com/2026/03/15/us/mohamed-bailor-jalloh-old-dominion
1294308198	20260315	202603	2026	2026.2055	COP	POLICE						COP			USA	UNITED STATES	USA								0	193	193	19	4	-10.0	3	1	2	-5.54919908466819	3	Old Dominion University, Virginia, United States	US	USVA	VA710	36.8901	-76.3046	1479256	3	Norfolk, Virginia, United States	US	USVA	VA710	36.8468	-76.2852	1497051	2	Virginia, United States	US	USVA		37.768	-78.2057	VA	20260315081500	https://edition.cnn.com/2026/03/15/us/mohamed-bailor-jalloh-old-dominion
1294308199	20260315	202603	2026	2026.2055	COP	POLICE						COP			USA	UNITED STATES	USA								0	193	193	19	4	-10.0	1	1	1	-5.54919908466819	3	Old Dominion University, Virginia, United States	US	USVA	VA710	36.8901	-76.3046	1479256	3	Old Dominion, Virginia, United States	US	USVA		37.8276	-78.6661	1499819	3	Old Dominion, Virginia, United States	US	USVA		37.8276	-78.6661	1499819	20260315081500	https://edition.cnn.com/2026/03/15/us/mohamed-bailor-jalloh-old-dominion
1294308200	20260315	202603	2026	2026.2055	COP	POLICE						COP			USA	VIRGINIA	USA								0	193	193	19	4	-10.0	4	1	4	-5.54919908466819	3	Old Dominion University, Virginia, United States	US	USVA	VA710	36.8901	-76.3046	1479256	2	Virginia, United States	US	USVA		37.768	-78.2057	VA	3	Old Dominion University, Virginia, United States	US	USVA		36.8901	-76.3046	1479256	20260315081500	https://edition.cnn.com/2026/03/15/us/mohamed-bailor-jalloh-old-dominion
1294308201	20260315	202603	2026	2026.2055	COP	POLICE						COP			USA	VIRGINIA	USA								0	193	193	19	4	-10.0	4	1	4	-5.54919908466819	3	Old Dominion University, Virginia, United States	US	USVA	VA710	36.8901	-76.3046	1479256	2	Virginia, United States	US	USVA		37.768	-78.2057	VA	2	Virginia, United States	US	USVA		37.768	-78.2057	VA	20260315081500	https://edition.cnn.com/2026/03/15/us/mohamed-bailor-jalloh-old-dominion
1294308202	20260315	202603	2026	2026.2055	CRM	KIDNAPPER						CRM													1	138	138	13	3	-7.0	15	1	10	-5.70342205323194	0								0								0								20260315081500	https://www.thenews.com.pk/latest/1395715-savannah-guthrie-mom-nancy-kidnapper-could-strike-again
1294308203	20260315	202603	2026	2026.2055	CVL	CITIZEN						CVL													0	012	012	01	1	-0.4	5	1	5	0	4	Changwon, Kyongsang-namdo, South Korea	KS	KS20	24982	35.2281	128.681	-706032	0								4	Changwon, Kyongsang-namdo, South Korea	KS	KS20	24982	35.2281	128.681	-706032	20260315081500	https://www.koreatimes.co.kr/southkorea/20260315/lee-vows-expanded-compensation-for-activists-of-1960-democracy-movement
1294308204	20260315	202603	2026	2026.2055	CVL	CITIZEN						CVL													0	013	013	01	1	0.4	5	1	5	0	4	Changwon, Kyongsang-namdo, South Korea	KS	KS20	24982	35.2281	128.681	-706032	0								4	Changwon, Kyongsang-namdo, South Korea	KS	KS20	24982	35.2281	128.681	-706032	20260315081500	https://www.koreatimes.co.kr/southkorea/20260315/lee-vows-expanded-compensation-for-activists-of-1960-democracy-movement
1294308205	20260315	202603	2026	2026.2055	CVL	TRAVELLER						CVL													0	014	014	01	1	0.0	5	1	5	-2.08333333333333	4	Northern Ireland, Craigavon, United Kingdom	UK	UKR8	40152	54.5	-6.5	-2604275	0								4	Northern Ireland, Craigavon, United Kingdom	UK	UKR8	40152	54.5	-6.5	-2604275	20260315081500	https://www.worcesternews.co.uk/news/25935819.british-travellers-warned-189-airport-parking-trap/
1294308206	20260315	202603	2026	2026.2055	CVL	RESIDENTS						CVL													1	020	020	02	1	3.0	5	1	5	-0.67750677506776	5	Nottinghamshire, Nottinghamshire, United Kingdom	UK	UKJ9	40126	53.1667	-1	-2604470	0								5	Nottinghamshire, Nottinghamshire, United Kingdom	UK	UKJ9	40126	53.1667	-1	-2604470	20260315081500	https://www.nottinghampost.com/news/cost-of-living/terminally-ill-residents-part-nottinghamshire-10861997
1294308207	20260315	202603	2026	2026.2055	CVL	COMMUNITY						CVL													1	036	036	03	1	4.0	5	1	5	6.19195046439628	1	Canada	CA	CA		60	-96	CA	0								1	Canada	CA	CA		60	-96	CA	20260315081500	https://vernonmorningstar.com/2026/03/14/artist-opens-portals-to-elsewhere-at-vernon-gallery/
1294308208	20260315	202603	2026	2026.2055	CVL	NATIONALS						CVL													1	042	042	04	1	1.9	7	1	7	-5.75916230366492	4	Gorkha, Haryana, India	IN	IN10	17831	30.1442	76.7181	10448030	0								4	Gorkha, Haryana, India	IN	IN10	17831	30.1442	76.7181	10448030	20260315081500	https://www.dailyexcelsior.com/bus-carrying-indian-pilgrims-plunges-down-slope-killing-seven/
1294308209	20260315	202603	2026	2026.2055	CVL	COMMUNITY						CVL													1	042	042	04	1	1.9	10	1	10	6.19195046439628	1	Canada	CA	CA		60	-96	CA	0								1	Canada	CA	CA		60	-96	CA	20260315081500	https://vernonmorningstar.com/2026/03/14/artist-opens-portals-to-elsewhere-at-vernon-gallery/
1294308210	20260315	202603	2026	2026.2055	CVL	COMMUNITY						CVL													0	070	070	07	2	7.0	2	1	2	-4.31266846361186	4	Aurangabad, Maharashtra, India	IN	IN16	70178	19.8833	75.3333	-2089356	0								4	Aurangabad, Maharashtra, India	IN	IN16	70178	19.8833	75.3333	-2089356	20260315081500	https://timesofindia.indiatimes.com/life-style/food-news/upset-with-lpg-shortage-this-engineer-from-pune-is-making-his-own-cooking-gas-at-home-with-kitchen-waste/articleshow/129585565.cms
1294308211	20260315	202603	2026	2026.2055	CVL	COMMUNITY						CVL													0	070	070	07	2	7.0	7	2	7	-3.55041414397955	4	Pune, Maharashtra, India	IN	IN16	70178	18.5333	73.8667	-2108361	0								4	Pune, Maharashtra, India	IN	IN16	70178	18.5333	73.8667	-2108361	20260315081500	https://timesofindia.indiatimes.com/life-style/food-news/upset-with-lpg-shortage-this-engineer-from-pune-is-making-his-own-cooking-gas-at-home-with-kitchen-waste/articleshow/129585565.cms
1294308212	20260315	202603	2026	2026.2055	CVL	VILLAGER						CVL													1	120	120	12	3	-4.0	5	1	5	-0.767263427109969	4	Tyneham, Dorset, United Kingdom	UK	UKD6	40105	50.6167	-2.16667	-2610388	0								4	Tyneham, Dorset, United Kingdom	UK	UKD6	40105	50.6167	-2.16667	-2610388	20260315081500	https://www.nottinghampost.com/news/uk-world-news/quaint-abandoned-uk-village-no-10863755
1294308213	20260315	202603	2026	2026.2055	CVL	CITIZEN						CVL													0	141	141	14	3	-6.5	10	1	10	0	4	Changwon, Kyongsang-namdo, South Korea	KS	KS20	24982	35.2281	128.681	-706032	0								4	Changwon, Kyongsang-namdo, South Korea	KS	KS20	24982	35.2281	128.681	-706032	20260315081500	https://www.koreatimes.co.kr/southkorea/20260315/lee-vows-expanded-compensation-for-activists-of-1960-democracy-movement
1294308214	20260315	202603	2026	2026.2055	CVL	RESIDENTS						CVL			IND	PUNE	IND								0	070	070	07	2	7.0	6	1	6	-2.97872340425532	4	Pune, Maharashtra, India	IN	IN16	70178	18.5333	73.8667	-2108361	4	Pune, Maharashtra, India	IN	IN16	70178	18.5333	73.8667	-2108361	4	Pune, Maharashtra, India	IN	IN16	70178	18.5333	73.8667	-2108361	20260315081500	https://indianexpress.com/article/cities/pune/someone-asking-us-to-make-music-for-reels-will-feel-embarrassed-indian-ocean-on-work-film-selection-and-self-censorship-10582957/
1294308215	20260315	202603	2026	2026.2055	CVL	VOTER						CVL			KOR	SEOUL	KOR								1	014	014	01	1	0.0	10	1	10	-1.8018018018018	1	China	CH	CH		35	105	CH	1	China	CH	CH		35	105	CH	1	China	CH	CH		35	105	CH	20260315081500	https://www.koreatimes.co.kr/southkorea/society/20260315/foreign-voting-rights-debate-resurfaces-ahead-of-june-3-local-elections
1294308216	20260315	202603	2026	2026.2055	CVL	RESIDENTS						CVL			MED	MEDIA						MED			1	051	051	05	1	3.4	3	1	3	5.5921052631579	4	Amsterdam, Noord-Holland, Netherlands	NL	NL07	22373	52.35	4.91667	-2140479	4	Amsterdam, Noord-Holland, Netherlands	NL	NL07	22373	52.35	4.91667	-2140479	4	Amsterdam, Noord-Holland, Netherlands	NL	NL07	22373	52.35	4.91667	-2140479	20260315081500	https://www.theargus.co.uk/news/25930987.amsterdam-inn-shoreham-taken-new-owners/
1294308217	20260315	202603	2026	2026.2055	CVL	RESIDENTS						CVL			MED	MEDIA						MED			1	051	051	05	1	3.4	2	1	2	5.5921052631579	4	Petworth, West Sussex, United Kingdom	UK	UKP6	40137	50.9833	-0.6	-2605310	4	Amsterdam, Noord-Holland, Netherlands	NL	NL07	22373	52.35	4.91667	-2140479	4	Amsterdam, Noord-Holland, Netherlands	NL	NL07	22373	52.35	4.91667	-2140479	20260315081500	https://www.theargus.co.uk/news/25930987.amsterdam-inn-shoreham-taken-new-owners/
1294308218	20260315	202603	2026	2026.2055	CVL	NATIONALS						CVL			NPL	GORKHA	NPL								1	043	043	04	1	2.8	1	1	1	-5.75916230366492	4	Gorkha, Haryana, India	IN	IN10	17831	30.1442	76.7181	10448030	4	Gorkha, Haryana, India	IN	IN10	17831	30.1442	76.7181	10448030	4	Gorkha, Haryana, India	IN	IN10	17831	30.1442	76.7181	10448030	20260315081500	https://www.dailyexcelsior.com/bus-carrying-indian-pilgrims-plunges-down-slope-killing-seven/
1294308219	20260315	202603	2026	2026.2055	CVL	NEIGHBORHOOD						CVL			USA	UNITED STATES	USA								0	013	013	01	1	0.4	1	1	1	-5.54919908466819	3	Old Dominion University, Virginia, United States	US	USVA	VA710	36.8901	-76.3046	1479256	3	Old Dominion, Virginia, United States	US	USVA		37.8276	-78.6661	1499819	3	Old Dominion University, Virginia, United States	US	USVA		36.8901	-76.3046	1479256	20260315081500	https://edition.cnn.com/2026/03/15/us/mohamed-bailor-jalloh-old-dominion
1294308220	20260315	202603	2026	2026.2055	CVL	NEIGHBORHOOD						CVL			USA	UNITED STATES	USA								0	013	013	01	1	0.4	1	1	1	-5.54919908466819	3	Old Dominion, Virginia, United States	US	USVA	VA003	37.8276	-78.6661	1499819	3	Old Dominion, Virginia, United States	US	USVA		37.8276	-78.6661	1499819	3	Old Dominion University, Virginia, United States	US	USVA		36.8901	-76.3046	1479256	20260315081500	https://edition.cnn.com/2026/03/15/us/mohamed-bailor-jalloh-old-dominion
1294308221	20260315	202603	2026	2026.2055	CVL	THE POOR						CVL			dal	DALIT			dal						1	017	017	01	1	0.0	5	1	5	0.26737967914438	4	New Delhi, Delhi, India	IN	IN07	17911	28.6	77.2	-2106102	4	New Delhi, Delhi, India	IN	IN07	17911	28.6	77.2	-2106102	4	New Delhi, Delhi, India	IN	IN07	17911	28.6	77.2	-2106102	20260315081500	http://www.bignewsnetwork.com/news/278923155/great-social-reformer-mallikarjun-kharge-pays-tribute-to-kanshi-ram-on-birth-anniversary
1294308222	20260315	202603	2026	2026.2055	EDU	COLLEGE						EDU													0	070	070	07	2	7.0	6	1	6	4.71698113207547	4	West Midlands, United Kingdom (general), United Kingdom	UK	UK00	40136	52.5	-1.96667	-2611326	0								4	West Midlands, United Kingdom (general), United Kingdom	UK	UK00	40136	52.5	-1.96667	-2611326	20260315081500	https://www.expressandstar.com/news/local-hubs/dudley/2026/03/15/delight-over-investment-showcase-aiming-to-improve-dudleys-fortunes-despite-disruption/
1294308223	20260315	202603	2026	2026.2055	EDU	PUPIL						EDU													0	125	125	12	3	-5.0	10	1	10	-3.54535974973931	4	Dunkirk, Kent, United Kingdom	UK	UKG5	40117	51.2833	0.983333	-2594899	0								4	Dunkirk, Kent, United Kingdom	UK	UKG5	40117	51.2833	0.983333	-2594899	20260315081500	https://www.nottinghampost.com/news/nottingham-news/even-kids-good-homes-now-10818204
1294308224	20260315	202603	2026	2026.2055	EDU	SCHOOL						EDU			EDUGOV	STUDENT						EDU	GOV		0	051	051	05	1	3.4	10	1	10	5.12129380053909	0								0								0								20260315081500	https://www.thealmanac.net/news/local-news/2026/mar/15/mvps/
1294308225	20260315	202603	2026	2026.2055	EDU	SCHOOL						EDU			GBR	UNITED KINGDOM	GBR								0	036	036	03	1	4.0	2	1	2	-3.54535974973931	4	Nottingham, Nottingham, United Kingdom	UK	UKJ8	40126	52.9667	-1.16667	-2604469	5	Nottinghamshire, Nottinghamshire, United Kingdom	UK	UKJ9	40126	53.1667	-1	-2604470	5	Nottinghamshire, Nottinghamshire, United Kingdom	UK	UKJ9	40126	53.1667	-1	-2604470	20260315081500	https://www.nottinghampost.com/news/nottingham-news/even-kids-good-homes-now-10818204
1294308226	20260315	202603	2026	2026.2055	EDU	SCHOOL						EDU			GBR	UNITED KINGDOM	GBR								0	036	036	03	1	4.0	2	1	2	-3.54535974973931	5	Nottinghamshire, Nottinghamshire, United Kingdom	UK	UKJ9	40126	53.1667	-1	-2604470	4	Nottingham, Nottingham, United Kingdom	UK	UKJ8	40126	52.9667	-1.16667	-2604469	4	Nottingham, Nottingham, United Kingdom	UK	UKJ8	40126	52.9667	-1.16667	-2604469	20260315081500	https://www.nottinghampost.com/news/nottingham-news/even-kids-good-homes-now-10818204
1294308227	20260315	202603	2026	2026.2055	EDU	SCHOOL						EDU			GBR	UNITED KINGDOM	GBR								0	036	036	03	1	4.0	6	1	6	-3.54535974973931	5	Nottinghamshire, Nottinghamshire, United Kingdom	UK	UKJ9	40126	53.1667	-1	-2604470	5	Nottinghamshire, Nottinghamshire, United Kingdom	UK	UKJ9	40126	53.1667	-1	-2604470	5	Nottinghamshire, Nottinghamshire, United Kingdom	UK	UKJ9	40126	53.1667	-1	-2604470	20260315081500	https://www.nottinghampost.com/news/nottingham-news/even-kids-good-homes-now-10818204
1294308228	20260315	202603	2026	2026.2055	EDU	SCHOOL						EDU			GBR	UNITED KINGDOM	GBR								0	051	051	05	1	3.4	1	1	1	-3.54535974973931	4	Nottingham, Nottingham, United Kingdom	UK	UKJ8	40126	52.9667	-1.16667	-2604469	4	Nottingham, Nottingham, United Kingdom	UK	UKJ8	40126	52.9667	-1.16667	-2604469	4	Nottingham, Nottingham, United Kingdom	UK	UKJ8	40126	52.9667	-1.16667	-2604469	20260315081500	https://www.nottinghampost.com/news/nottingham-news/even-kids-good-homes-now-10818204
1294308229	20260315	202603	2026	2026.2055	EDU	SCHOOL						EDU			GBR	UNITED KINGDOM	GBR								0	051	051	05	1	3.4	1	1	1	-3.54535974973931	5	Nottinghamshire, Nottinghamshire, United Kingdom	UK	UKJ9	40126	53.1667	-1	-2604470	5	Nottinghamshire, Nottinghamshire, United Kingdom	UK	UKJ9	40126	53.1667	-1	-2604470	5	Nottinghamshire, Nottinghamshire, United Kingdom	UK	UKJ9	40126	53.1667	-1	-2604470	20260315081500	https://www.nottinghampost.com/news/nottingham-news/even-kids-good-homes-now-10818204
1294308230	20260315	202603	2026	2026.2055	EDU	COLLEGE						EDU			GBR	UNITED KINGDOM	GBR								0	070	070	07	2	7.0	4	1	4	4.71698113207547	4	West Midlands, United Kingdom (general), United Kingdom	UK	UK00	40136	52.5	-1.96667	-2611326	4	West Midlands, United Kingdom (general), United Kingdom	UK	UK00	40136	52.5	-1.96667	-2611326	4	West Midlands, United Kingdom (general), United Kingdom	UK	UK00	40136	52.5	-1.96667	-2611326	20260315081500	https://www.expressandstar.com/news/local-hubs/dudley/2026/03/15/delight-over-investment-showcase-aiming-to-improve-dudleys-fortunes-despite-disruption/
1294308231	20260315	202603	2026	2026.2055	EDU	SCHOOL						EDU			MED	MEDIA						MED			1	040	040	04	1	1.0	10	1	10	-3.54535974973931	4	Nottingham, Nottingham, United Kingdom	UK	UKJ8	40126	52.9667	-1.16667	-2604469	4	Nottingham, Nottingham, United Kingdom	UK	UKJ8	40126	52.9667	-1.16667	-2604469	4	Nottingham, Nottingham, United Kingdom	UK	UKJ8	40126	52.9667	-1.16667	-2604469	20260315081500	https://www.nottinghampost.com/news/nottingham-news/even-kids-good-homes-now-10818204
1294308232	20260315	202603	2026	2026.2055	ELI	ACTOR						ELI													1	012	012	01	1	-0.4	4	1	4	-4.71464019851116	2	California, United States	US	USCA		36.17	-119.746	CA	0								2	California, United States	US	USCA		36.17	-119.746	CA	20260315081500	https://www.el-balad.com/16881406
1294308233	20260315	202603	2026	2026.2055	ELI	ACTOR						ELI													1	036	036	03	1	4.0	6	1	6	6.46651270207852	1	United Kingdom	UK	UK		54	-4	UK	0								1	United Kingdom	UK	UK		54	-4	UK	20260315081500	https://www.koreatimes.co.kr/entertainment/films/20260315/kpop-demon-hunters-eyes-oscars-following-golden-globe-grammy-wins
1294308234	20260315	202603	2026	2026.2055	ELI	ACTOR						ELI													1	042	042	04	1	1.9	2	1	2	4.36241610738255	4	Seshachalam Hills, Andhra Pradesh, India	IN	IN02	17550	14.3333	78.25	-2110814	0								4	Seshachalam Hills, Andhra Pradesh, India	IN	IN02	17550	14.3333	78.25	-2110814	20260315081500	https://news.webindia123.com/news/Articles/Entertainment/20260315/4427450.html
1294308235	20260315	202603	2026	2026.2055	ELI	ACTOR						ELI													1	043	043	04	1	2.8	8	1	8	4.36241610738255	4	Seshachalam Hills, Andhra Pradesh, India	IN	IN02	17550	14.3333	78.25	-2110814	0								4	Seshachalam Hills, Andhra Pradesh, India	IN	IN02	17550	14.3333	78.25	-2110814	20260315081500	https://news.webindia123.com/news/Articles/Entertainment/20260315/4427450.html
1294308236	20260315	202603	2026	2026.2055	ELI	ACTOR						ELI													1	051	051	05	1	3.4	2	1	2	4.36241610738255	4	Seshachalam Hills, Andhra Pradesh, India	IN	IN02	17550	14.3333	78.25	-2110814	0								4	Seshachalam Hills, Andhra Pradesh, India	IN	IN02	17550	14.3333	78.25	-2110814	20260315081500	https://news.webindia123.com/news/Articles/Entertainment/20260315/4427450.html
1294308237	20260315	202603	2026	2026.2055	ELI	ACTOR						ELI													1	084	084	08	2	7.0	5	1	5	0	1	India	IN	IN		20	77	IN	0								1	India	IN	IN		20	77	IN	20260315081500	https://indianexpress.com/article/entertainment/bollywood/akshay-kumar-lauds-ranveer-singhs-dhurandhar-reveals-whether-he-regrets-not-being-part-of-the-film-10582782/
1294308238	20260315	202603	2026	2026.2055	ELI	ACTOR						ELI			GBR	UNITED KINGDOM	GBR								1	036	036	03	1	4.0	2	1	2	6.46651270207852	1	United Kingdom	UK	UK		54	-4	UK	1	United Kingdom	UK	UK		54	-4	UK	1	United Kingdom	UK	UK		54	-4	UK	20260315081500	https://www.koreatimes.co.kr/entertainment/films/20260315/kpop-demon-hunters-eyes-oscars-following-golden-globe-grammy-wins
1294308239	20260315	202603	2026	2026.2055	EUR	EUROPE	EUR								USA	UNITED STATES	USA								1	120	120	12	3	-4.0	10	1	10	-2.90502793296089	1	United Kingdom	UK	UK		54	-4	UK	1	United Kingdom	UK	UK		54	-4	UK	1	United Kingdom	UK	UK		54	-4	UK	20260315081500	https://www.plymouthherald.co.uk/news/news-opinion/royal-navy-been-shamefully-neglected-10864362
1294308240	20260315	202603	2026	2026.2055	FIN	FINNISH	FIN								GBR	BRITAIN	GBR								1	110	110	11	3	-2.0	3	1	3	-2.90502793296089	1	Finland	FI	FI		64	26	FI	1	United Kingdom	UK	UK		54	-4	UK	1	Finland	FI	FI		64	26	FI	20260315081500	https://www.plymouthherald.co.uk/news/news-opinion/royal-navy-been-shamefully-neglected-10864362
1294308241	20260315	202603	2026	2026.2055	FRA	LYON	FRA																		1	020	020	02	1	3.0	2	1	2	-1.65562913907285	4	Billingshurst, West Sussex, United Kingdom	UK	UKP6	40137	51.0167	-0.45	-2589930	0								4	Billingshurst, West Sussex, United Kingdom	UK	UKP6	40137	51.0167	-0.45	-2589930	20260315081500	https://www.theargus.co.uk/news/25935232.red-lyon-slinfold-issues-plea-amid-ridiculous-bills/
1294308242	20260315	202603	2026	2026.2055	FRA	FRENCH	FRA								FRAMIL	FRANCE	FRA					MIL			0	195	195	19	4	-10.0	1	1	1	-2.99792223211636	1	France	FR	FR		46	2	FR	1	France	FR	FR		46	2	FR	1	France	FR	FR		46	2	FR	20260315081500	https://www.mirror.co.uk/news/world-news/iran-trump-mojtaba-khamenei-live-36843602
1294308243	20260315	202603	2026	2026.2055	FRA	FRENCH	FRA								FRAMIL	FRANCE	FRA					MIL			0	195	195	19	4	-10.0	1	1	1	-2.99792223211636	1	United Kingdom	UK	UK		54	-4	UK	1	United Kingdom	UK	UK		54	-4	UK	1	United Kingdom	UK	UK		54	-4	UK	20260315081500	https://www.mirror.co.uk/news/world-news/iran-trump-mojtaba-khamenei-live-36843602
1294308244	20260315	202603	2026	2026.2055	FRA	LYON	FRA								GBR	UNITED KINGDOM	GBR								1	020	020	02	1	3.0	6	1	6	-1.65562913907285	4	Billingshurst, West Sussex, United Kingdom	UK	UKP6	40137	51.0167	-0.45	-2589930	4	Billingshurst, West Sussex, United Kingdom	UK	UKP6	40137	51.0167	-0.45	-2589930	4	Billingshurst, West Sussex, United Kingdom	UK	UKP6	40137	51.0167	-0.45	-2589930	20260315081500	https://www.theargus.co.uk/news/25935232.red-lyon-slinfold-issues-plea-amid-ridiculous-bills/
1294308245	20260315	202603	2026	2026.2055	FRAMIL	FRENCH	FRA					MIL													0	195	195	19	4	-10.0	3	1	3	-2.99792223211636	1	France	FR	FR		46	2	FR	0								1	France	FR	FR		46	2	FR	20260315081500	https://www.mirror.co.uk/news/world-news/iran-trump-mojtaba-khamenei-live-36843602
1294308246	20260315	202603	2026	2026.2055	FRAMIL	FRENCH	FRA					MIL			FRA	FRENCH	FRA								0	195	195	19	4	-10.0	3	1	3	-2.99792223211636	1	France	FR	FR		46	2	FR	1	France	FR	FR		46	2	FR	1	France	FR	FR		46	2	FR	20260315081500	https://www.mirror.co.uk/news/world-news/iran-trump-mojtaba-khamenei-live-36843602
1294308247	20260315	202603	2026	2026.2055	GBR	UNITED KINGDOM	GBR																		0	010	010	01	1	0.0	4	1	4	-7.18232044198895	4	Chelmsford, Essex, United Kingdom	UK	UKE4	40108	51.7333	0.483333	-2592339	0								1	Finland	FI	FI		64	26	FI	20260315081500	https://www.harwichandmanningtreestandard.co.uk/news/25930235.stalker-travelled-finland-manningtree-sentenced/
1294308248	20260315	202603	2026	2026.2055	GBR	UNITED KINGDOM	GBR																		1	010	010	01	1	0.0	4	1	3	-7.18232044198895	4	Manningtree, Essex, United Kingdom	UK	UKE4	40132	51.95	1.06667	-2602528	0								4	Manningtree, Essex, United Kingdom	UK	UKE4	40132	51.95	1.06667	-2602528	20260315081500	https://www.harwichandmanningtreestandard.co.uk/news/25930235.stalker-travelled-finland-manningtree-sentenced/
1294308249	20260315	202603	2026	2026.2055	GBR	UNITED KINGDOM	GBR																		0	010	010	01	1	0.0	2	1	2	-7.18232044198895	4	Manningtree, Essex, United Kingdom	UK	UKE4	40132	51.95	1.06667	-2602528	0								1	Finland	FI	FI		64	26	FI	20260315081500	https://www.harwichandmanningtreestandard.co.uk/news/25930235.stalker-travelled-finland-manningtree-sentenced/
1294308250	20260315	202603	2026	2026.2055	GBR	BIRMINGHAM	GBR																		1	012	012	01	1	-0.4	5	1	5	-4.92957746478873	0								0								0								20260315081500	https://www.worcesternews.co.uk/news/25928253.birmingham-man-charged-dealing-cocaine-worcester/
1294308251	20260315	202603	2026	2026.2055	GBR	UNITED KINGDOM	GBR																		0	020	020	02	1	3.0	4	1	4	-7.18232044198895	4	Chelmsford, Essex, United Kingdom	UK	UKE4	40108	51.7333	0.483333	-2592339	0								4	Manningtree, Essex, United Kingdom	UK	UKE4	40132	51.95	1.06667	-2602528	20260315081500	https://www.harwichandmanningtreestandard.co.uk/news/25930235.stalker-travelled-finland-manningtree-sentenced/
1294308252	20260315	202603	2026	2026.2055	GBR	UNITED KINGDOM	GBR																		0	020	020	02	1	3.0	4	1	4	-7.18232044198895	4	Chelmsford, Essex, United Kingdom	UK	UKE4	40108	51.7333	0.483333	-2592339	0								1	Finland	FI	FI		64	26	FI	20260315081500	https://www.harwichandmanningtreestandard.co.uk/news/25930235.stalker-travelled-finland-manningtree-sentenced/
1294308253	20260315	202603	2026	2026.2055	GBR	UNITED KINGDOM	GBR																		0	020	020	02	1	3.0	4	2	4	4.96083550913838	4	Swanage, Dorset, United Kingdom	UK	UKD6	40105	50.6	-1.96667	-2609207	0								4	Swanage, Dorset, United Kingdom	UK	UKD6	40105	50.6	-1.96667	-2609207	20260315081500	https://www.plymouthherald.co.uk/whats-on/whats-on-news/perfect-award-winning-uk-beach-10857386
1294308254	20260315	202603	2026	2026.2055	GBR	UNITED KINGDOM	GBR																		0	030	030	03	1	4.0	4	1	4	-7.18232044198895	4	Chelmsford, Essex, United Kingdom	UK	UKE4	40108	51.7333	0.483333	-2592339	0								4	Chelmsford, Essex, United Kingdom	UK	UKE4	40108	51.7333	0.483333	-2592339	20260315081500	https://www.harwichandmanningtreestandard.co.uk/news/25930235.stalker-travelled-finland-manningtree-sentenced/
1294308255	20260315	202603	2026	2026.2055	GBR	UNITED KINGDOM	GBR																		1	042	042	04	1	1.9	8	1	8	3.16122233930453	5	North Yorkshire, North Yorkshire, United Kingdom	UK	UKJ7	40123	54.1667	-1.5	-2604430	0								5	North Yorkshire, North Yorkshire, United Kingdom	UK	UKJ7	40123	54.1667	-1.5	-2604430	20260315081500	https://www.express.co.uk/news/uk/2181537/seaside-town-fish-chips-trip-travel
1294308256	20260315	202603	2026	2026.2055	GBR	LEEDS	GBR																		1	042	042	04	1	1.9	10	1	10	3.89344262295082	4	West Midlands, United Kingdom (general), United Kingdom	UK	UK00	40136	52.5	-1.96667	-2611326	0								4	West Midlands, United Kingdom (general), United Kingdom	UK	UK00	40136	52.5	-1.96667	-2611326	20260315081500	https://www.expressandstar.com/news/business/2026/03/15/west-midlands-to-take-centre-stage-at-uks-real-estate-investment-and-infrastructure-forum-ukreiif-2026/
1294308257	20260315	202603	2026	2026.2055	GBR	UNITED KINGDOM	GBR																		1	043	043	04	1	2.8	3	1	3	3.28317373461012	4	Saltash, Cornwall, United Kingdom	UK	UKC6	40104	50.4081	-4.21528	-2606995	0								4	Saltash, Cornwall, United Kingdom	UK	UKC6	40104	50.4081	-4.21528	-2606995	20260315081500	https://www.plymouthherald.co.uk/whats-on/food-drink/award-winning-brewery-opens-plymouth-10866592
1294308258	20260315	202603	2026	2026.2055	GBR	UNITED KINGDOM	GBR																		1	043	043	04	1	2.8	3	1	3	3.28317373461012	4	Saltash, Cornwall, United Kingdom	UK	UKC6	40104	50.4081	-4.21528	-2606995	0								4	South Brent, Devon, United Kingdom	UK	UKD4	40104	50.4333	-3.83333	-2608180	20260315081500	https://www.plymouthherald.co.uk/whats-on/food-drink/award-winning-brewery-opens-plymouth-10866592
1294308259	20260315	202603	2026	2026.2055	GBR	UNITED KINGDOM	GBR																		1	043	043	04	1	2.8	6	1	6	3.89344262295082	4	West Midlands, United Kingdom (general), United Kingdom	UK	UK00	40136	52.5	-1.96667	-2611326	0								4	West Midlands, United Kingdom (general), United Kingdom	UK	UK00	40136	52.5	-1.96667	-2611326	20260315081500	https://www.expressandstar.com/news/business/2026/03/15/west-midlands-to-take-centre-stage-at-uks-real-estate-investment-and-infrastructure-forum-ukreiif-2026/
1294308260	20260315	202603	2026	2026.2055	GBR	UNITED KINGDOM	GBR																		0	051	051	05	1	3.4	4	1	4	-7.18232044198895	4	Chelmsford, Essex, United Kingdom	UK	UKE4	40108	51.7333	0.483333	-2592339	0								4	Manningtree, Essex, United Kingdom	UK	UKE4	40132	51.95	1.06667	-2602528	20260315081500	https://www.harwichandmanningtreestandard.co.uk/news/25930235.stalker-travelled-finland-manningtree-sentenced/
1294308261	20260315	202603	2026	2026.2055	GBR	UNITED KINGDOM	GBR																		0	084	084	08	2	7.0	2	1	2	-7.18232044198895	4	Manningtree, Essex, United Kingdom	UK	UKE4	40132	51.95	1.06667	-2602528	0								4	Manningtree, Essex, United Kingdom	UK	UKE4	40132	51.95	1.06667	-2602528	20260315081500	https://www.harwichandmanningtreestandard.co.uk/news/25930235.stalker-travelled-finland-manningtree-sentenced/
1294308262	20260315	202603	2026	2026.2055	GBR	UNITED KINGDOM	GBR																		0	084	084	08	2	7.0	2	1	2	-7.18232044198895	4	Manningtree, Essex, United Kingdom	UK	UKE4	40132	51.95	1.06667	-2602528	0								1	Finland	FI	FI		64	26	FI	20260315081500	https://www.harwichandmanningtreestandard.co.uk/news/25930235.stalker-travelled-finland-manningtree-sentenced/
1294308263	20260315	202603	2026	2026.2055	GBR	UNITED KINGDOM	GBR																		1	084	084	08	2	7.0	10	2	10	5.73476702508961	1	Sweden	SW	SW		62	15	SW	0								1	Sweden	SW	SW		62	15	SW	20260315081500	https://kiss951.com/2026/03/15/this-day-in-top-40-history-march-15/
1294308264	20260315	202603	2026	2026.2055	GBR	BRITAIN	GBR																		1	111	111	11	3	-2.0	10	1	10	3.28317373461012	4	Plymouth Sound, United Kingdom (general), United Kingdom	UK	UK00	40104	50.3439	-4.13889	-2605449	0								4	Plymouth Sound, United Kingdom (general), United Kingdom	UK	UK00	40104	50.3439	-4.13889	-2605449	20260315081500	https://www.plymouthherald.co.uk/whats-on/food-drink/award-winning-brewery-opens-plymouth-10866592
1294308265	20260315	202603	2026	2026.2055	GBR	UNITED KINGDOM	GBR																		1	120	120	12	3	-4.0	4	1	4	-7.18232044198895	4	Manningtree, Essex, United Kingdom	UK	UKE4	40132	51.95	1.06667	-2602528	0								4	Manningtree, Essex, United Kingdom	UK	UKE4	40132	51.95	1.06667	-2602528	20260315081500	https://www.harwichandmanningtreestandard.co.uk/news/25930235.stalker-travelled-finland-manningtree-sentenced/
1294308266	20260315	202603	2026	2026.2055	GBR	UNITED KINGDOM	GBR																		1	130	130	13	3	-4.4	4	1	4	-7.18232044198895	4	Manningtree, Essex, United Kingdom	UK	UKE4	40132	51.95	1.06667	-2602528	0								4	Manningtree, Essex, United Kingdom	UK	UKE4	40132	51.95	1.06667	-2602528	20260315081500	https://www.harwichandmanningtreestandard.co.uk/news/25930235.stalker-travelled-finland-manningtree-sentenced/
1294308267	20260315	202603	2026	2026.2055	GBR	UNITED KINGDOM	GBR																		1	173	173	17	4	-5.0	8	1	4	-7.18232044198895	4	Manningtree, Essex, United Kingdom	UK	UKE4	40132	51.95	1.06667	-2602528	0								4	Manningtree, Essex, United Kingdom	UK	UKE4	40132	51.95	1.06667	-2602528	20260315081500	https://www.harwichandmanningtreestandard.co.uk/news/25930235.stalker-travelled-finland-manningtree-sentenced/
1294308268	20260315	202603	2026	2026.2055	GBR	UNITED KINGDOM	GBR								IRN	IRAN	IRN								0	051	051	05	1	3.4	4	1	4	-2.90502793296089	1	United Kingdom	UK	UK		54	-4	UK	1	Iran	IR	IR		32	53	IR	1	United Kingdom	UK	UK		54	-4	UK	20260315081500	https://www.plymouthherald.co.uk/news/news-opinion/royal-navy-been-shamefully-neglected-10864362
1294308269	20260315	202603	2026	2026.2055	GBR	UNITED KINGDOM	GBR								IRN	IRAN	IRN								0	051	051	05	1	3.4	1	1	1	-2.90502793296089	1	United Kingdom	UK	UK		54	-4	UK	1	United Kingdom	UK	UK		54	-4	UK	1	United Kingdom	UK	UK		54	-4	UK	20260315081500	https://www.plymouthherald.co.uk/news/news-opinion/royal-navy-been-shamefully-neglected-10864362
1294308270	20260315	202603	2026	2026.2055	GBR	LONDON	GBR								IRN	IRAN	IRN								1	141	141	14	3	-6.5	8	1	8	-11.7647058823529	1	Iran	IR	IR		32	53	IR	1	Iran	IR	IR		32	53	IR	1	Iran	IR	IR		32	53	IR	20260315081500	https://www.standard.co.uk/news/london/london-protests-live-alquds-day-pro-iran-demo-police-b1274940.html
1294308271	20260315	202603	2026	2026.2055	GBRCOP	UNITED KINGDOM	GBR					COP			GOV	RULER						GOV			1	051	051	05	1	3.4	6	1	6	-3.54535974973931	5	Nottinghamshire, Nottinghamshire, United Kingdom	UK	UKJ9	40126	53.1667	-1	-2604470	4	Nottingham, Nottingham, United Kingdom	UK	UKJ8	40126	52.9667	-1.16667	-2604469	5	Nottinghamshire, Nottinghamshire, United Kingdom	UK	UKJ9	40126	53.1667	-1	-2604470	20260315081500	https://www.nottinghampost.com/news/nottingham-news/even-kids-good-homes-now-10818204
1294308272	20260315	202603	2026	2026.2055	GBRCOP	UNITED KINGDOM	GBR					COP			MED	MEDIA						MED			1	051	051	05	1	3.4	2	1	2	-3.54535974973931	5	Nottinghamshire, Nottinghamshire, United Kingdom	UK	UKJ9	40126	53.1667	-1	-2604470	5	Nottinghamshire, Nottinghamshire, United Kingdom	UK	UKJ9	40126	53.1667	-1	-2604470	5	Nottinghamshire, Nottinghamshire, United Kingdom	UK	UKJ9	40126	53.1667	-1	-2604470	20260315081500	https://www.nottinghampost.com/news/nottingham-news/even-kids-good-homes-now-10818204
1294308273	20260315	202603	2026	2026.2055	GBRCOP	UNITED KINGDOM	GBR					COP			MED	MEDIA						MED			1	130	130	13	3	-4.4	2	1	2	-3.54535974973931	4	Dunkirk, Kent, United Kingdom	UK	UKG5	40117	51.2833	0.983333	-2594899	4	Dunkirk, Kent, United Kingdom	UK	UKG5	40117	51.2833	0.983333	-2594899	4	Dunkirk, Kent, United Kingdom	UK	UKG5	40117	51.2833	0.983333	-2594899	20260315081500	https://www.nottinghampost.com/news/nottingham-news/even-kids-good-homes-now-10818204
1294308274	20260315	202603	2026	2026.2055	GBRCOP	UNITED KINGDOM	GBR					COP			MED	MEDIA						MED			1	130	130	13	3	-4.4	6	1	6	-3.54535974973931	5	Nottinghamshire, Nottinghamshire, United Kingdom	UK	UKJ9	40126	53.1667	-1	-2604470	5	Nottinghamshire, Nottinghamshire, United Kingdom	UK	UKJ9	40126	53.1667	-1	-2604470	5	Nottinghamshire, Nottinghamshire, United Kingdom	UK	UKJ9	40126	53.1667	-1	-2604470	20260315081500	https://www.nottinghampost.com/news/nottingham-news/even-kids-good-homes-now-10818204
1294308275	20260315	202603	2026	2026.2055	GBRELI	UNITED KINGDOM	GBR					ELI													1	036	036	03	1	4.0	2	1	2	6.46651270207852	1	United Kingdom	UK	UK		54	-4	UK	0								1	United Kingdom	UK	UK		54	-4	UK	20260315081500	https://www.koreatimes.co.kr/entertainment/films/20260315/kpop-demon-hunters-eyes-oscars-following-golden-globe-grammy-wins
1294308276	20260315	202603	2026	2026.2055	GOV	CHANCELLOR						GOV													1	015	015	01	1	0.0	10	1	10	-3.43839541547278	0								0								0								20260315081500	https://www.theargus.co.uk/news/25927387.horsham-mp-calls-action-soaring-heating-oil-prices/
1294308277	20260315	202603	2026	2026.2055	GOV	PRESIDENT						GOV													1	017	017	01	1	0.0	12	1	10	0	4	Changwon, Kyongsang-namdo, South Korea	KS	KS20	24982	35.2281	128.681	-706032	0								4	Changwon, Kyongsang-namdo, South Korea	KS	KS20	24982	35.2281	128.681	-706032	20260315081500	https://www.koreatimes.co.kr/southkorea/20260315/lee-vows-expanded-compensation-for-activists-of-1960-democracy-movement
1294308278	20260315	202603	2026	2026.2055	GOV	MINISTRY						GOV													0	018	018	01	1	3.4	8	1	8	-3.93401015228427	4	Geneva, Genè, Switzerland	SZ	SZ07	16329	46.1956	6.14811	-2552151	0								4	Geneva, Genè, Switzerland	SZ	SZ07	16329	46.1956	6.14811	-2552151	20260315081500	https://www.spotlightnepal.com/2026/03/15/nepali-middle-east-living-under-threat/
1294308279	20260315	202603	2026	2026.2055	GOV	MINISTRY						GOV													0	018	018	01	1	3.4	2	1	2	-3.93401015228427	4	Abu Dhabi, Abu Z¸aby, United Arab Emirates	AE	AE01	28568	24.4667	54.3667	-782066	0								4	Abu Dhabi, Abu Z¸aby, United Arab Emirates	AE	AE01	28568	24.4667	54.3667	-782066	20260315081500	https://www.spotlightnepal.com/2026/03/15/nepali-middle-east-living-under-threat/
1294308280	20260315	202603	2026	2026.2055	GOV	PRINCE						GOV													1	018	018	01	1	3.4	3	1	3	-1.31291028446389	1	United Kingdom	UK	UK		54	-4	UK	0								1	United Kingdom	UK	UK		54	-4	UK	20260315081500	https://athens-times.com/william-harry-and-the-wound-that-wont-heal/
1294308281	20260315	202603	2026	2026.2055	GOV	MINISTRY						GOV													0	020	020	02	1	3.0	2	1	2	-3.93401015228427	4	Ministry Of Foreign Affairs, Masqat, Oman	MU	MU06	23611	23.6165	58.4691	11318952	0								4	Gorkha, Nepal (general), Nepal	NP	NP00	22363	28.0024	84.6201	-1021991	20260315081500	https://www.spotlightnepal.com/2026/03/15/nepali-middle-east-living-under-threat/
1294308282	20260315	202603	2026	2026.2055	GOV	GOVERNMENT						GOV													0	030	030	03	1	4.0	2	1	2	-3.93401015228427	4	Doha, Ad Daw?ah, Qatar	QA	QA01	25307	25.2867	51.5333	-785169	0								4	Doha, Ad Daw?ah, Qatar	QA	QA01	25307	25.2867	51.5333	-785169	20260315081500	https://www.spotlightnepal.com/2026/03/15/nepali-middle-east-living-under-threat/
1294308283	20260315	202603	2026	2026.2055	GOV	GOVERNMENT						GOV													0	030	030	03	1	4.0	6	1	6	-3.93401015228427	4	Ministry Of Foreign Affairs, Masqat, Oman	MU	MU06	23611	23.6165	58.4691	11318952	0								4	Ministry Of Foreign Affairs, Masqat, Oman	MU	MU06	23611	23.6165	58.4691	11318952	20260315081500	https://www.spotlightnepal.com/2026/03/15/nepali-middle-east-living-under-threat/
1294308284	20260315	202603	2026	2026.2055	GOV	GOVERNMENT						GOV													0	030	030	03	1	4.0	2	1	2	-3.93401015228427	1	Iran	IR	IR		32	53	IR	0								4	Ministry Of Foreign Affairs, Masqat, Oman	MU	MU06	23611	23.6165	58.4691	11318952	20260315081500	https://www.spotlightnepal.com/2026/03/15/nepali-middle-east-living-under-threat/
1294308285	20260315	202603	2026	2026.2055	GOV	ELECTION COMMISSION						GOV													1	040	040	04	1	1.0	2	1	2	0.806451612903227	5	Union Territory Of Puducherry, Pondicherry, India	IN	IN22	70228	11.9333	79.8167	-2108166	0								5	Union Territory Of Puducherry, Pondicherry, India	IN	IN22	70228	11.9333	79.8167	-2108166	20260315081500	https://www.indiatvnews.com/news/india/election-commission-announce-poll-schedule-for-kerala-west-bengal-tamil-nadu-assam-and-puducherry-latest-updates-2026-03-15-1033813
1294308286	20260315	202603	2026	2026.2055	GOV	ELECTION COMMISSION						GOV													1	040	040	04	1	1.0	8	1	8	0.806451612903227	5	Tamil Nadu, Tamil Nadu, India	IN	IN25	70248	11	78	-2112557	0								5	Tamil Nadu, Tamil Nadu, India	IN	IN25	70248	11	78	-2112557	20260315081500	https://www.indiatvnews.com/news/india/election-commission-announce-poll-schedule-for-kerala-west-bengal-tamil-nadu-assam-and-puducherry-latest-updates-2026-03-15-1033813
1294308287	20260315	202603	2026	2026.2055	GOV	GOVERNMENT						GOV													0	040	040	04	1	1.0	8	1	8	0.44943820224719	1	China	CH	CH		35	105	CH	0								1	Japan	JA	JA		36	138	JA	20260315081500	https://www.koreatimes.co.kr/foreignaffairs/20260315/korea-faces-dilemma-following-trumps-request-to-send-warships-to-hormuz
1294308288	20260315	202603	2026	2026.2055	GOV	STATE OFFICIAL						GOV													0	040	040	04	1	1.0	10	1	10	1.05515587529976	2	New Mexico, United States	US	USNM		34.8375	-106.237	NM	0								2	New Mexico, United States	US	USNM		34.8375	-106.237	NM	20260315081500	https://www.governing.com/archive/health-care-reform-similar-states.html
1294308289	20260315	202603	2026	2026.2055	GOV	PRESIDENT						GOV													1	042	042	04	1	1.9	10	1	10	0	4	Changwon, Kyongsang-namdo, South Korea	KS	KS20	24982	35.2281	128.681	-706032	0								4	Changwon, Kyongsang-namdo, South Korea	KS	KS20	24982	35.2281	128.681	-706032	20260315081500	https://www.koreatimes.co.kr/southkorea/20260315/lee-vows-expanded-compensation-for-activists-of-1960-democracy-movement
1294308290	20260315	202603	2026	2026.2055	GOV	KING						GOV													1	090	090	09	2	-2.0	5	1	5	1.40845070422535	1	New Zealand	NZ	NZ		-42	174	NZ	0								1	New Zealand	NZ	NZ		-42	174	NZ	20260315081500	https://movies.mxdwn.com/news/the-hunt-for-gollum-adds-kate-winslet-set-to-play-female-lead/
1294308291	20260315	202603	2026	2026.2055	GOV	GOVERNMENT						GOV													1	141	141	14	3	-6.5	3	1	3	-1.51133501259445	4	Abhayapuri, Assam, India	IN	IN03	70086	26.3333	90.6667	-2088096	0								4	Abhayapuri, Assam, India	IN	IN03	70086	26.3333	90.6667	-2088096	20260315081500	https://www.dailyexcelsior.com/cong-pocketed-rs-150-cr-per-annum-from-assam-healthcare-budget-during-15-yrs-of-rule-shah/
1294308292	20260315	202603	2026	2026.2055	GOV	GOVERNMENT						GOV													1	141	141	14	3	-6.5	1	1	1	-1.51133501259445	4	Barpeta, Assam, India	IN	IN03	17583	26.3167	91	-2090641	0								4	Barpeta, Assam, India	IN	IN03	17583	26.3167	91	-2090641	20260315081500	https://www.dailyexcelsior.com/cong-pocketed-rs-150-cr-per-annum-from-assam-healthcare-budget-during-15-yrs-of-rule-shah/
1294308293	20260315	202603	2026	2026.2055	GOV	GOVERNMENT						GOV													1	141	141	14	3	-6.5	1	1	1	-1.51133501259445	4	Guwahati, Assam, India	IN	IN03	17583	26.1833	91.7333	-2096059	0								4	Guwahati, Assam, India	IN	IN03	17583	26.1833	91.7333	-2096059	20260315081500	https://www.dailyexcelsior.com/cong-pocketed-rs-150-cr-per-annum-from-assam-healthcare-budget-during-15-yrs-of-rule-shah/
1294308294	20260315	202603	2026	2026.2055	GOV	EXTERNAL AFFAIRS MINIST						GOV			BEL	BRUSSELS	BEL								1	036	036	03	1	4.0	10	1	10	1.14942528735632	4	Brussels, Bruxelles-Capitale, Belgium	BE	BE11	5850	50.8333	4.33333	-1955538	4	Brussels, Bruxelles-Capitale, Belgium	BE	BE11	5850	50.8333	4.33333	-1955538	4	Brussels, Bruxelles-Capitale, Belgium	BE	BE11	5850	50.8333	4.33333	-1955538	20260315081500	https://news.webindia123.com/news/Articles/World/20260315/4427447.html
1294308295	20260315	202603	2026	2026.2055	GOV	EXTERNAL AFFAIRS MINIST						GOV			BEL	BELGIUM	BEL								1	036	036	03	1	4.0	4	1	4	1.63487738419619	4	New Delhi, Delhi, India	IN	IN07	17911	28.6	77.2	-2106102	4	Brussels, Bruxelles-Capitale, Belgium	BE	BE11	5850	50.8333	4.33333	-1955538	4	Brussels, Bruxelles-Capitale, Belgium	BE	BE11	5850	50.8333	4.33333	-1955538	20260315081500	https://economictimes.indiatimes.com/news/india/eam-s-jaishankar-to-embark-on-two-day-visit-to-brussels/articleshow/129586422.cms
1294308296	20260315	202603	2026	2026.2055	GOV	ADMINISTRATION						GOV			BUS	OIL TANKER						BUS			0	072	072	07	2	8.3	10	1	10	-2.84463894967177	4	Tehran, Tehran, Iran	IR	IR26	41130	35.75	51.5148	10074674	4	Tehran, Tehran, Iran	IR	IR26	41130	35.75	51.5148	10074674	4	Tehran, Tehran, Iran	IR	IR26	41130	35.75	51.5148	10074674	20260315081500	https://www.news18.com/explainers/can-us-president-trump-secure-strait-of-hormuz-with-global-show-of-force-against-iran-ws-l-9961398.html
1294308297	20260315	202603	2026	2026.2055	GOV	FIREFIGHTER						GOV			CVL	HIKER						CVL			1	012	012	01	1	-0.4	5	1	5	0.3125	2	Arizona, United States	US	USAZ		33.7712	-111.388	AZ	2	Arizona, United States	US	USAZ		33.7712	-111.388	AZ	2	Arizona, United States	US	USAZ		33.7712	-111.388	AZ	20260315081500	https://www.azfamily.com/2026/03/15/tips-staying-safe-during-upcoming-historic-heat-phoenix-area/
1294308298	20260315	202603	2026	2026.2055	GOV	AUTHORITIES						GOV			CVL	RESIDENTS						CVL			0	020	020	02	1	3.0	20	1	20	-6.30200685266765	4	Dubai, Dubayy, United Arab Emirates	AE	AE03	28575	25.2522	55.28	-782831	4	Dubai, Dubayy, United Arab Emirates	AE	AE03	28575	25.2522	55.28	-782831	4	Dubai, Dubayy, United Arab Emirates	AE	AE03	28575	25.2522	55.28	-782831	20260315081500	https://www.dailyexcelsior.com/latest-uae-reports-new-missile-attack-day-after-iran-warns-3-major-ports-to-evacuate/
1294308299	20260315	202603	2026	2026.2055	GOV	CABINET						GOV			CVL	RESIDENTS						CVL			1	051	051	05	1	3.4	10	1	10	-0.67750677506776	5	Nottinghamshire, Nottinghamshire, United Kingdom	UK	UKJ9	40126	53.1667	-1	-2604470	5	Nottinghamshire, Nottinghamshire, United Kingdom	UK	UKJ9	40126	53.1667	-1	-2604470	5	Nottinghamshire, Nottinghamshire, United Kingdom	UK	UKJ9	40126	53.1667	-1	-2604470	20260315081500	https://www.nottinghampost.com/news/cost-of-living/terminally-ill-residents-part-nottinghamshire-10861997
1294308300	20260315	202603	2026	2026.2055	GOV	PRINCE						GOV			GBR	UNITED KINGDOM	GBR								1	018	018	01	1	3.4	2	1	2	-1.31291028446389	1	United Kingdom	UK	UK		54	-4	UK	1	United Kingdom	UK	UK		54	-4	UK	1	United Kingdom	UK	UK		54	-4	UK	20260315081500	https://athens-times.com/william-harry-and-the-wound-that-wont-heal/
1294308301	20260315	202603	2026	2026.2055	GOV	GOVERNMENT						GOV			GBR	UNITED KINGDOM	GBR								1	130	130	13	3	-4.4	10	1	10	-1.65562913907285	4	Billingshurst, West Sussex, United Kingdom	UK	UKP6	40137	51.0167	-0.45	-2589930	4	Billingshurst, West Sussex, United Kingdom	UK	UKP6	40137	51.0167	-0.45	-2589930	4	Billingshurst, West Sussex, United Kingdom	UK	UKP6	40137	51.0167	-0.45	-2589930	20260315081500	https://www.theargus.co.uk/news/25935232.red-lyon-slinfold-issues-plea-amid-ridiculous-bills/
1294308302	20260315	202603	2026	2026.2055	GOV	EXTERNAL AFFAIRS MINIST						GOV			IGOEUREEC	EUROPEAN UNION	EUR	EEC				IGO			1	042	042	04	1	1.9	10	1	10	1.14942528735632	4	Brussels, Bruxelles-Capitale, Belgium	BE	BE11	5850	50.8333	4.33333	-1955538	4	Brussels, Bruxelles-Capitale, Belgium	BE	BE11	5850	50.8333	4.33333	-1955538	4	Brussels, Bruxelles-Capitale, Belgium	BE	BE11	5850	50.8333	4.33333	-1955538	20260315081500	https://news.webindia123.com/news/Articles/World/20260315/4427447.html
1294308303	20260315	202603	2026	2026.2055	GOV	EXTERNAL AFFAIRS MINIST						GOV			IGOEUREEC	EUROPEAN UNION	EUR	EEC				IGO			1	042	042	04	1	1.9	4	1	4	1.63487738419619	4	New Delhi, Delhi, India	IN	IN07	17911	28.6	77.2	-2106102	4	Brussels, Bruxelles-Capitale, Belgium	BE	BE11	5850	50.8333	4.33333	-1955538	4	Brussels, Bruxelles-Capitale, Belgium	BE	BE11	5850	50.8333	4.33333	-1955538	20260315081500	https://economictimes.indiatimes.com/news/india/eam-s-jaishankar-to-embark-on-two-day-visit-to-brussels/articleshow/129586422.cms
1294308304	20260315	202603	2026	2026.2055	GOV	CHIEF MINISTER						GOV			INDGOV	TAMIL NADU	IND					GOV			1	112	112	11	3	-2.0	10	1	10	-6.77506775067751	4	Rome, Lazio, Italy	IT	IT07	18350	41.9	12.4833	-126693	4	Rome, Lazio, Italy	IT	IT07	18350	41.9	12.4833	-126693	4	Rome, Lazio, Italy	IT	IT07	18350	41.9	12.4833	-126693	20260315081500	https://news.webindia123.com/news/Articles/India/20260315/4427462.html
1294308305	20260315	202603	2026	2026.2055	GOV	PRESIDENT						GOV			IRN	IRAN	IRN								1	010	010	01	1	0.0	4	1	4	-3.46534653465346	4	Kharg, Bushehr, Iran	IR	IR22	40962	29.25	50.3286	-3067896	4	Kharg, Bushehr, Iran	IR	IR22	40962	29.25	50.3286	-3067896	4	Kharg, Bushehr, Iran	IR	IR22	40962	29.25	50.3286	-3067896	20260315081500	https://athens-times.com/trump-again-threatens-to-bomb-irans-kharg-island-for-fun/
1294308306	20260315	202603	2026	2026.2055	GOV	PRESIDENT						GOV			IRN	IRAN	IRN								1	0871	087	08	2	9.0	6	1	6	-9.72972972972972	1	United States	US	US		39.828175	-98.5795	US	4	Tehran, Tehran, Iran	IR	IR26	41130	35.75	51.5148	10074674	4	Tehran, Tehran, Iran	IR	IR26	41130	35.75	51.5148	10074674	20260315081500	https://athens-times.com/nightmare-night-in-israel-as-iran-and-hezbollah-launch-attacks/
1294308307	20260315	202603	2026	2026.2055	GOV	GOVERNMENT						GOV			JPN	JAPAN	JPN								1	020	020	02	1	3.0	5	1	5	-3.06122448979592	4	Tokyo, Tokyo, Japan	JA	JA40	36340	35.685	139.751	-246227	4	Tokyo, Tokyo, Japan	JA	JA40	36340	35.685	139.751	-246227	4	Tokyo, Tokyo, Japan	JA	JA40	36340	35.685	139.751	-246227	20260315081500	https://finance.yahoo.com/news/japan-release-oil-stocks-us-075340103.html
1294308308	20260315	202603	2026	2026.2055	GOV	PRESIDENT						GOV			KOR	SOUTH KOREA	KOR								1	017	017	01	1	0.0	6	1	6	0	4	Changwon, Kyongsang-namdo, South Korea	KS	KS20	24982	35.2281	128.681	-706032	4	Changwon, Kyongsang-namdo, South Korea	KS	KS20	24982	35.2281	128.681	-706032	4	Changwon, Kyongsang-namdo, South Korea	KS	KS20	24982	35.2281	128.681	-706032	20260315081500	https://www.koreatimes.co.kr/southkorea/20260315/lee-vows-expanded-compensation-for-activists-of-1960-democracy-movement
1294308309	20260315	202603	2026	2026.2055	GOV	PRESIDENT						GOV			MIL	WARSHIP						MIL			0	013	013	01	1	0.4	3	1	3	-5.18867924528302	4	Kharg Island, Bushehr, Iran	IR	IR22	40962	29.2458	50.3158	-3070760	4	Kharg Island, Bushehr, Iran	IR	IR22	40962	29.2458	50.3158	-3070760	4	Kharg Island, Bushehr, Iran	IR	IR22	40962	29.2458	50.3158	-3070760	20260315081500	https://www.semissourian.com/world/trump-urges-us-allies-to-send-warships-to-strait-of-hormuz-as-iran-vows-to-retaliate-19db971a
1294308310	20260315	202603	2026	2026.2055	GOV	PRESIDENT						GOV			MIL	WARSHIP						MIL			1	013	013	01	1	0.4	3	1	3	-3.76432078559739	1	Iraq	IZ	IZ		33	44	IZ	4	Beirut, Beyrouth, Lebanon	LE	LE04	18808	33.8719	35.5097	-801546	1	Iraq	IZ	IZ		33	44	IZ	20260315081500	https://www.bostonglobe.com/2026/03/15/business/trump-urges-us-allies-to-send-warships-to-strait-of-hormuz/
1294308311	20260315	202603	2026	2026.2055	GOV	PRESIDENT						GOV			MIL	WARSHIP						MIL			1	013	013	01	1	0.4	13	3	13	-6.11402650040629	1	Iraq	IZ	IZ		33	44	IZ	1	Iraq	IZ	IZ		33	44	IZ	1	Iraq	IZ	IZ		33	44	IZ	20260315081500	https://www.dailyexcelsior.com/uae-reports-new-missile-attack-day-after-iran-warns-3-major-ports-to-evacuate/
1294308312	20260315	202603	2026	2026.2055	GOV	PRESIDENT						GOV			MIL	WARSHIP						MIL			0	013	013	01	1	0.4	2	1	2	-5.18867924528302	1	Iraq	IZ	IZ		33	44	IZ	1	Lebanon	LE	LE		33.833333	35.833333	LE	1	Iraq	IZ	IZ		33	44	IZ	20260315081500	https://www.semissourian.com/world/trump-urges-us-allies-to-send-warships-to-strait-of-hormuz-as-iran-vows-to-retaliate-19db971a
1294308313	20260315	202603	2026	2026.2055	GOV	GOVERNMENT						GOV			OPP	THE OPPOSITION						OPP			1	141	141	14	3	-6.5	3	1	3	-1.51133501259445	4	Abhayapuri, Assam, India	IN	IN03	70086	26.3333	90.6667	-2088096	4	Abhayapuri, Assam, India	IN	IN03	70086	26.3333	90.6667	-2088096	4	Abhayapuri, Assam, India	IN	IN03	70086	26.3333	90.6667	-2088096	20260315081500	https://www.dailyexcelsior.com/cong-pocketed-rs-150-cr-per-annum-from-assam-healthcare-budget-during-15-yrs-of-rule-shah/
1294308314	20260315	202603	2026	2026.2055	GOV	GOVERNMENT						GOV			OPP	THE OPPOSITION						OPP			1	141	141	14	3	-6.5	1	1	1	-1.51133501259445	4	Barpeta, Assam, India	IN	IN03	17583	26.3167	91	-2090641	4	Barpeta, Assam, India	IN	IN03	17583	26.3167	91	-2090641	4	Barpeta, Assam, India	IN	IN03	17583	26.3167	91	-2090641	20260315081500	https://www.dailyexcelsior.com/cong-pocketed-rs-150-cr-per-annum-from-assam-healthcare-budget-during-15-yrs-of-rule-shah/
1294308315	20260315	202603	2026	2026.2055	GOV	GOVERNMENT						GOV			OPP	THE OPPOSITION						OPP			1	141	141	14	3	-6.5	1	1	1	-1.51133501259445	4	Guwahati, Assam, India	IN	IN03	17583	26.1833	91.7333	-2096059	4	Guwahati, Assam, India	IN	IN03	17583	26.1833	91.7333	-2096059	4	Guwahati, Assam, India	IN	IN03	17583	26.1833	91.7333	-2096059	20260315081500	https://www.dailyexcelsior.com/cong-pocketed-rs-150-cr-per-annum-from-assam-healthcare-budget-during-15-yrs-of-rule-shah/
1294308316	20260315	202603	2026	2026.2055	GOV	GOVERNMENT						GOV			PHL	FILIPINO	PHL								0	060	060	06	2	6.0	2	1	2	2.12201591511937	4	Philippine, Benguet, Philippines	RP	RP10	24213	16.45	120.55	-2445611	4	Philippine, Benguet, Philippines	RP	RP10	24213	16.45	120.55	-2445611	4	Philippine, Benguet, Philippines	RP	RP10	24213	16.45	120.55	-2445611	20260315081500	https://mb.com.ph/2026/03/15/title
1294308317	20260315	202603	2026	2026.2055	GOV	PRESIDENT						GOV			PRK	NORTH KOREAN	PRK								1	050	050	05	1	3.5	3	1	3	0.13966480446927	4	Pyongyang, P'yongyang-si, North Korea	KN	KN12	39681	39.0194	125.755	-183459	4	Pyongyang, P'yongyang-si, North Korea	KN	KN12	39681	39.0194	125.755	-183459	4	Pyongyang, P'yongyang-si, North Korea	KN	KN12	39681	39.0194	125.755	-183459	20260315081500	https://www.koreatimes.co.kr/foreignaffairs/20260315/speculation-grows-over-trump-kim-talks-despite-major-hurdles
1294308318	20260315	202603	2026	2026.2055	GOV	PRESIDENT						GOV			PRK	NORTH KOREAN	PRK								1	050	050	05	1	3.5	1	1	1	0.13966480446927	3	White House, District of Columbia, United States	US	USDC		38.8951	-77.0364	531871	4	Pyongyang, P'yongyang-si, North Korea	KN	KN12	39681	39.0194	125.755	-183459	4	Pyongyang, P'yongyang-si, North Korea	KN	KN12	39681	39.0194	125.755	-183459	20260315081500	https://www.koreatimes.co.kr/foreignaffairs/20260315/speculation-grows-over-trump-kim-talks-despite-major-hurdles
1294308319	20260315	202603	2026	2026.2055	GOV	ADMINISTRATION						GOV			USA	AMERICAN	USA								1	012	012	01	1	-0.4	2	1	2	-4.68277945619335	1	United States	US	US		39.828175	-98.5795	US	1	United States	US	US		39.828175	-98.5795	US	1	United States	US	US		39.828175	-98.5795	US	20260315081500	https://www.bostonglobe.com/2026/03/15/opinion/trump-iran-war-gas-prices/
1294308320	20260315	202603	2026	2026.2055	GOV	PRIME MINISTER						GOV			USA	UNITED STATES	USA								1	164	164	16	4	-7.0	6	1	6	0.13966480446927	4	Pyongyang, P'yongyang-si, North Korea	KN	KN12	39681	39.0194	125.755	-183459	4	Pyongyang, P'yongyang-si, North Korea	KN	KN12	39681	39.0194	125.755	-183459	4	Pyongyang, P'yongyang-si, North Korea	KN	KN12	39681	39.0194	125.755	-183459	20260315081500	https://www.koreatimes.co.kr/foreignaffairs/20260315/speculation-grows-over-trump-kim-talks-despite-major-hurdles
1294308321	20260315	202603	2026	2026.2055	GOV	PRIME MINISTER						GOV			USAGOV	THE WHITE HOUSE	USA					GOV			1	164	164	16	4	-7.0	4	1	4	0.13966480446927	4	Pyongyang, P'yongyang-si, North Korea	KN	KN12	39681	39.0194	125.755	-183459	4	Pyongyang, P'yongyang-si, North Korea	KN	KN12	39681	39.0194	125.755	-183459	4	Pyongyang, P'yongyang-si, North Korea	KN	KN12	39681	39.0194	125.755	-183459	20260315081500	https://www.koreatimes.co.kr/foreignaffairs/20260315/speculation-grows-over-trump-kim-talks-despite-major-hurdles
1294308322	20260315	202603	2026	2026.2055	GOV	GOVERNMENT						GOV			USAMED	REUTERS	USA					MED			0	010	010	01	1	0.0	4	1	4	0.44943820224719	1	China	CH	CH		35	105	CH	1	China	CH	CH		35	105	CH	1	China	CH	CH		35	105	CH	20260315081500	https://www.koreatimes.co.kr/foreignaffairs/20260315/korea-faces-dilemma-following-trumps-request-to-send-warships-to-hormuz
1294308323	20260315	202603	2026	2026.2055	GOV	GOVERNMENT						GOV			USAMED	REUTERS	USA					MED			0	010	010	01	1	0.0	4	1	4	0.44943820224719	1	China	CH	CH		35	105	CH	1	Japan	JA	JA		36	138	JA	1	China	CH	CH		35	105	CH	20260315081500	https://www.koreatimes.co.kr/foreignaffairs/20260315/korea-faces-dilemma-following-trumps-request-to-send-warships-to-hormuz
1294308324	20260315	202603	2026	2026.2055	GOV	GOVERNMENT						GOV			USAMED	REUTERS	USA					MED			0	010	010	01	1	0.0	2	1	2	0.44943820224719	1	China	CH	CH		35	105	CH	1	Japan	JA	JA		36	138	JA	1	Japan	JA	JA		36	138	JA	20260315081500	https://www.koreatimes.co.kr/foreignaffairs/20260315/korea-faces-dilemma-following-trumps-request-to-send-warships-to-hormuz
1294308325	20260315	202603	2026	2026.2055	GOV	MINISTRY						GOV			nepCVL	NEPALI			nep			CVL			0	030	030	03	1	4.0	6	1	6	-3.93401015228427	4	Geneva, Genè, Switzerland	SZ	SZ07	16329	46.1956	6.14811	-2552151	4	Abu Dhabi, Abu Z¸aby, United Arab Emirates	AE	AE01	28568	24.4667	54.3667	-782066	4	Geneva, Genè, Switzerland	SZ	SZ07	16329	46.1956	6.14811	-2552151	20260315081500	https://www.spotlightnepal.com/2026/03/15/nepali-middle-east-living-under-threat/
1294308326	20260315	202603	2026	2026.2055	GOV	MINISTRY						GOV			nepCVL	NEPALI			nep			CVL			0	030	030	03	1	4.0	2	1	2	-3.93401015228427	4	Geneva, Genè, Switzerland	SZ	SZ07	16329	46.1956	6.14811	-2552151	4	Abu Dhabi, Abu Z¸aby, United Arab Emirates	AE	AE01	28568	24.4667	54.3667	-782066	4	Abu Dhabi, Abu Z¸aby, United Arab Emirates	AE	AE01	28568	24.4667	54.3667	-782066	20260315081500	https://www.spotlightnepal.com/2026/03/15/nepali-middle-east-living-under-threat/
1294308327	20260315	202603	2026	2026.2055	GOV	MINISTRY						GOV			nepCVL	NEPALI			nep			CVL			0	030	030	03	1	4.0	2	1	2	-3.93401015228427	4	Abu Dhabi, Abu Z¸aby, United Arab Emirates	AE	AE01	28568	24.4667	54.3667	-782066	4	Abu Dhabi, Abu Z¸aby, United Arab Emirates	AE	AE01	28568	24.4667	54.3667	-782066	4	Abu Dhabi, Abu Z¸aby, United Arab Emirates	AE	AE01	28568	24.4667	54.3667	-782066	20260315081500	https://www.spotlightnepal.com/2026/03/15/nepali-middle-east-living-under-threat/
1294308328	20260315	202603	2026	2026.2055	GOV	MINISTRY						GOV			nepCVL	NEPALI			nep			CVL			0	060	060	06	2	6.0	2	1	2	-3.93401015228427	4	Geneva, Genè, Switzerland	SZ	SZ07	16329	46.1956	6.14811	-2552151	4	Abu Dhabi, Abu Z¸aby, United Arab Emirates	AE	AE01	28568	24.4667	54.3667	-782066	4	Geneva, Genè, Switzerland	SZ	SZ07	16329	46.1956	6.14811	-2552151	20260315081500	https://www.spotlightnepal.com/2026/03/15/nepali-middle-east-living-under-threat/
1294308329	20260315	202603	2026	2026.2055	GOV	MINISTRY						GOV			nepCVL	NEPALI			nep			CVL			0	060	060	06	2	6.0	6	1	6	-3.93401015228427	4	Geneva, Genè, Switzerland	SZ	SZ07	16329	46.1956	6.14811	-2552151	4	Abu Dhabi, Abu Z¸aby, United Arab Emirates	AE	AE01	28568	24.4667	54.3667	-782066	4	Abu Dhabi, Abu Z¸aby, United Arab Emirates	AE	AE01	28568	24.4667	54.3667	-782066	20260315081500	https://www.spotlightnepal.com/2026/03/15/nepali-middle-east-living-under-threat/
1294308330	20260315	202603	2026	2026.2055	GOV	MINISTRY						GOV			nepCVL	NEPALI			nep			CVL			0	060	060	06	2	6.0	2	1	2	-3.93401015228427	4	Abu Dhabi, Abu Z¸aby, United Arab Emirates	AE	AE01	28568	24.4667	54.3667	-782066	4	Abu Dhabi, Abu Z¸aby, United Arab Emirates	AE	AE01	28568	24.4667	54.3667	-782066	4	Abu Dhabi, Abu Z¸aby, United Arab Emirates	AE	AE01	28568	24.4667	54.3667	-782066	20260315081500	https://www.spotlightnepal.com/2026/03/15/nepali-middle-east-living-under-threat/
1294308331	20260315	202603	2026	2026.2055	GOVEDU	EDUCATION MINIST						GOV	EDU		EDU	STUDENT						EDU			1	020	020	02	1	3.0	10	1	10	-2.52365930599369	4	Daejeon, Taejon-gwangyoksi, South Korea	KS	KS19	24986	36.3214	127.42	-717199	4	Daejeon, Taejon-gwangyoksi, South Korea	KS	KS19	24986	36.3214	127.42	-717199	4	Daejeon, Taejon-gwangyoksi, South Korea	KS	KS19	24986	36.3214	127.42	-717199	20260315081500	https://www.koreatimes.co.kr/southkorea/society/20260315/korean-language-classes-crowded-as-migrant-student-numbers-grow
1294308332	20260315	202603	2026	2026.2055	GOVGOV	CABINET						GOV	GOV												1	024	024	02	1	-0.3	10	1	10	3.03030303030303	4	New Delhi, Delhi, India	IN	IN07	17911	28.6	77.2	-2106102	0								4	New Delhi, Delhi, India	IN	IN07	17911	28.6	77.2	-2106102	20260315081500	https://economictimes.indiatimes.com/news/india/cabinet-secretariat-asks-secretaries-to-submit-notes-on-major-proposed-reforms/articleshow/129585989.cms
1294308333	20260315	202603	2026	2026.2055	IDN	INDONESIAN	IDN								IGO	PEACEKEEPING TROOP						IGO			1	0332	033	03	1	5.2	6	1	6	-3.26530612244898	1	Indonesia	ID	ID		-5	120	ID	4	Gaza, Israel (general), Israel	IS	IS00	18315	31.4167	34.3333	-797156	4	Gaza, Israel (general), Israel	IS	IS00	18315	31.4167	34.3333	-797156	20260315081500	https://www.scmp.com/news/asia/southeast-asia/article/3346646/indonesias-prabowo-surprised-iran-war-says-us-bombing-wont-spark-regime-change
1294308334	20260315	202603	2026	2026.2055	IDN	INDONESIA	IDN								IGO	PEACEKEEPING TROOP						IGO			1	0332	033	03	1	5.2	2	1	2	-3.26530612244898	1	Indonesia	ID	ID		-5	120	ID	4	Gaza, Israel (general), Israel	IS	IS00	18315	31.4167	34.3333	-797156	1	Indonesia	ID	ID		-5	120	ID	20260315081500	https://www.scmp.com/news/asia/southeast-asia/article/3346646/indonesias-prabowo-surprised-iran-war-says-us-bombing-wont-spark-regime-change
1294308335	20260315	202603	2026	2026.2055	IDN	INDONESIAN	IDN								IGO	PEACEKEEPING TROOP						IGO			1	0332	033	03	1	5.2	2	1	2	-3.26530612244898	1	Indonesia	ID	ID		-5	120	ID	1	Indonesia	ID	ID		-5	120	ID	1	Indonesia	ID	ID		-5	120	ID	20260315081500	https://www.scmp.com/news/asia/southeast-asia/article/3346646/indonesias-prabowo-surprised-iran-war-says-us-bombing-wont-spark-regime-change
1294308336	20260315	202603	2026	2026.2055	IDN	INDONESIAN	IDN								IGO	PEACEKEEPING TROOP						IGO			1	0334	033	03	1	6.0	10	1	10	-3.26530612244898	1	Iran	IR	IR		32	53	IR	1	Iran	IR	IR		32	53	IR	1	Iran	IR	IR		32	53	IR	20260315081500	https://www.scmp.com/news/asia/southeast-asia/article/3346646/indonesias-prabowo-surprised-iran-war-says-us-bombing-wont-spark-regime-change
1294308337	20260315	202603	2026	2026.2055	IGO	PEACEKEEPING TROOP						IGO			IDN	INDONESIAN	IDN								1	038	038	03	1	7.0	6	1	6	-3.26530612244898	4	Gaza, Israel (general), Israel	IS	IS00	18315	31.4167	34.3333	-797156	1	Indonesia	ID	ID		-5	120	ID	4	Gaza, Israel (general), Israel	IS	IS00	18315	31.4167	34.3333	-797156	20260315081500	https://www.scmp.com/news/asia/southeast-asia/article/3346646/indonesias-prabowo-surprised-iran-war-says-us-bombing-wont-spark-regime-change
1294308338	20260315	202603	2026	2026.2055	IGO	PEACEKEEPING TROOP						IGO			IDN	INDONESIA	IDN								1	038	038	03	1	7.0	2	1	2	-3.26530612244898	4	Gaza, Israel (general), Israel	IS	IS00	18315	31.4167	34.3333	-797156	1	Indonesia	ID	ID		-5	120	ID	1	Indonesia	ID	ID		-5	120	ID	20260315081500	https://www.scmp.com/news/asia/southeast-asia/article/3346646/indonesias-prabowo-surprised-iran-war-says-us-bombing-wont-spark-regime-change
1294308339	20260315	202603	2026	2026.2055	IGO	PEACEKEEPING TROOP						IGO			IDN	INDONESIAN	IDN								1	038	038	03	1	7.0	2	1	2	-3.26530612244898	1	Indonesia	ID	ID		-5	120	ID	1	Indonesia	ID	ID		-5	120	ID	1	Indonesia	ID	ID		-5	120	ID	20260315081500	https://www.scmp.com/news/asia/southeast-asia/article/3346646/indonesias-prabowo-surprised-iran-war-says-us-bombing-wont-spark-regime-change
1294308340	20260315	202603	2026	2026.2055	IGOEUREEC	EUROPEAN UNION	EUR	EEC				IGO			GOV	EXTERNAL AFFAIRS MINIST						GOV			1	043	043	04	1	2.8	10	1	10	1.14942528735632	4	Brussels, Bruxelles-Capitale, Belgium	BE	BE11	5850	50.8333	4.33333	-1955538	4	Brussels, Bruxelles-Capitale, Belgium	BE	BE11	5850	50.8333	4.33333	-1955538	4	Brussels, Bruxelles-Capitale, Belgium	BE	BE11	5850	50.8333	4.33333	-1955538	20260315081500	https://news.webindia123.com/news/Articles/World/20260315/4427447.html
1294308341	20260315	202603	2026	2026.2055	IGOEUREEC	EUROPEAN UNION	EUR	EEC				IGO			GOV	EXTERNAL AFFAIRS MINIST						GOV			1	043	043	04	1	2.8	4	1	4	1.63487738419619	4	Brussels, Bruxelles-Capitale, Belgium	BE	BE11	5850	50.8333	4.33333	-1955538	4	New Delhi, Delhi, India	IN	IN07	17911	28.6	77.2	-2106102	4	Brussels, Bruxelles-Capitale, Belgium	BE	BE11	5850	50.8333	4.33333	-1955538	20260315081500	https://economictimes.indiatimes.com/news/india/eam-s-jaishankar-to-embark-on-two-day-visit-to-brussels/articleshow/129586422.cms
1294308342	20260315	202603	2026	2026.2055	IGOEUREEC	EUROPEAN UNION	EUR	EEC				IGO			IND	NEW DELHI	IND								1	043	043	04	1	2.8	6	1	6	1.63487738419619	4	Brussels, Bruxelles-Capitale, Belgium	BE	BE11	5850	50.8333	4.33333	-1955538	4	New Delhi, Delhi, India	IN	IN07	17911	28.6	77.2	-2106102	4	Brussels, Bruxelles-Capitale, Belgium	BE	BE11	5850	50.8333	4.33333	-1955538	20260315081500	https://economictimes.indiatimes.com/news/india/eam-s-jaishankar-to-embark-on-two-day-visit-to-brussels/articleshow/129586422.cms
1294308343	20260315	202603	2026	2026.2055	IGOEUREEC	THE EUROPEAN UNION	EUR	EEC				IGO			LBN	LEBANON	LBN								1	025	025	02	1	-0.3	1	1	1	-9.72972972972972	4	Kharg, Bushehr, Iran	IR	IR22	40962	29.25	50.3286	-3067896	1	Lebanon	LE	LE		33.833333	35.833333	LE	4	Kharg, Bushehr, Iran	IR	IR22	40962	29.25	50.3286	-3067896	20260315081500	https://athens-times.com/nightmare-night-in-israel-as-iran-and-hezbollah-launch-attacks/
1294308344	20260315	202603	2026	2026.2055	IGOEUREEC	THE EUROPEAN UNION	EUR	EEC				IGO			LBN	LEBANON	LBN								1	025	025	02	1	-0.3	1	1	1	-9.72972972972972	4	Kharg, Bushehr, Iran	IR	IR22	40962	29.25	50.3286	-3067896	1	Lebanon	LE	LE		33.833333	35.833333	LE	1	Lebanon	LE	LE		33.833333	35.833333	LE	20260315081500	https://athens-times.com/nightmare-night-in-israel-as-iran-and-hezbollah-launch-attacks/
1294308345	20260315	202603	2026	2026.2055	IGOEUREEC	THE EUROPEAN UNION	EUR	EEC				IGO			LBN	LEBANON	LBN								1	025	025	02	1	-0.3	5	1	5	-10.126582278481	4	Kharg Island, Bushehr, Iran	IR	IR22	40962	29.2458	50.3158	-3070760	4	Kharg Island, Bushehr, Iran	IR	IR22	40962	29.2458	50.3158	-3070760	4	Kharg Island, Bushehr, Iran	IR	IR22	40962	29.2458	50.3158	-3070760	20260315081500	https://athens-times.com/nightmare-night-in-israel-as-iran-launches-attacks-trump-jokes-about-bombing-kharg-again/
1294308346	20260315	202603	2026	2026.2055	IGOEUREEC	THE EUROPEAN UNION	EUR	EEC				IGO			LBN	LEBANON	LBN								1	025	025	02	1	-0.3	3	1	3	-9.72972972972972	1	Lebanon	LE	LE		33.833333	35.833333	LE	1	Lebanon	LE	LE		33.833333	35.833333	LE	1	Lebanon	LE	LE		33.833333	35.833333	LE	20260315081500	https://athens-times.com/nightmare-night-in-israel-as-iran-and-hezbollah-launch-attacks/
1294308347	20260315	202603	2026	2026.2055	IGOEUREEC	THE EUROPEAN UNION	EUR	EEC				IGO			LBN	LEBANON	LBN								1	0256	025	02	1	-0.3	2	1	2	-9.72972972972972	4	Kharg, Bushehr, Iran	IR	IR22	40962	29.25	50.3286	-3067896	1	Lebanon	LE	LE		33.833333	35.833333	LE	1	Lebanon	LE	LE		33.833333	35.833333	LE	20260315081500	https://athens-times.com/nightmare-night-in-israel-as-iran-and-hezbollah-launch-attacks/
1294308348	20260315	202603	2026	2026.2055	IGOEUREEC	THE EUROPEAN UNION	EUR	EEC				IGO			LBN	LEBANON	LBN								1	0256	025	02	1	-0.3	3	1	3	-9.72972972972972	1	Lebanon	LE	LE		33.833333	35.833333	LE	1	Lebanon	LE	LE		33.833333	35.833333	LE	1	Lebanon	LE	LE		33.833333	35.833333	LE	20260315081500	https://athens-times.com/nightmare-night-in-israel-as-iran-and-hezbollah-launch-attacks/
1294308349	20260315	202603	2026	2026.2055	IGOEUREEC	THE EUROPEAN UNION	EUR	EEC				IGO			LBN	LEBANON	LBN								1	043	043	04	1	2.8	2	1	2	-9.72972972972972	4	Kharg, Bushehr, Iran	IR	IR22	40962	29.25	50.3286	-3067896	1	Lebanon	LE	LE		33.833333	35.833333	LE	1	Lebanon	LE	LE		33.833333	35.833333	LE	20260315081500	https://athens-times.com/nightmare-night-in-israel-as-iran-and-hezbollah-launch-attacks/
1294308350	20260315	202603	2026	2026.2055	IGOEUREEC	THE EUROPEAN UNION	EUR	EEC				IGO			LBN	LEBANON	LBN								1	043	043	04	1	2.8	8	1	8	-9.97776257269927	1	Lebanon	LE	LE		33.833333	35.833333	LE	1	Lebanon	LE	LE		33.833333	35.833333	LE	1	Lebanon	LE	LE		33.833333	35.833333	LE	20260315081500	https://athens-times.com/nightmare-night-in-israel-as-iran-and-hezbollah-launch-attacks/
1294308351	20260315	202603	2026	2026.2055	IGOEUREEC	THE EUROPEAN UNION	EUR	EEC				IGO			LBN	LEBANON	LBN								1	082	082	08	2	5.0	5	1	5	-10.126582278481	1	Lebanon	LE	LE		33.833333	35.833333	LE	1	Lebanon	LE	LE		33.833333	35.833333	LE	1	Lebanon	LE	LE		33.833333	35.833333	LE	20260315081500	https://athens-times.com/nightmare-night-in-israel-as-iran-launches-attacks-trump-jokes-about-bombing-kharg-again/
1294308352	20260315	202603	2026	2026.2055	IGOUNOHLHWHO	WORLD HEALTH ORGANIZATION		UNO				IGO	HLH												0	111	111	11	3	-2.0	8	1	8	-2.99792223211636	4	Borj Qalaouiye, Nabatî, Lebanon	LE	LE07	18314	33.2606	35.4189	-802220	0								4	Borj Qalaouiye, Nabatî, Lebanon	LE	LE07	18314	33.2606	35.4189	-802220	20260315081500	https://www.mirror.co.uk/news/world-news/iran-trump-mojtaba-khamenei-live-36843602
1294308353	20260315	202603	2026	2026.2055	IGOUNOHLHWHO	WORLD HEALTH ORGANIZATION		UNO				IGO	HLH												0	111	111	11	3	-2.0	2	1	2	-2.99792223211636	4	Isfahan, Esfahan, Iran	IR	IR28	40941	32.6597	51.6714	6013426	0								4	Isfahan, Esfahan, Iran	IR	IR28	40941	32.6597	51.6714	6013426	20260315081500	https://www.mirror.co.uk/news/world-news/iran-trump-mojtaba-khamenei-live-36843602
1294308354	20260315	202603	2026	2026.2055	IND	MAHARASHTRA	IND																		1	020	020	02	1	3.0	10	1	10	-2.97872340425532	4	Pune, Maharashtra, India	IN	IN16	70178	18.5333	73.8667	-2108361	0								4	Pune, Maharashtra, India	IN	IN16	70178	18.5333	73.8667	-2108361	20260315081500	https://indianexpress.com/article/cities/pune/someone-asking-us-to-make-music-for-reels-will-feel-embarrassed-indian-ocean-on-work-film-selection-and-self-censorship-10582957/
1294308355	20260315	202603	2026	2026.2055	IND	ASSAM	IND																		1	043	043	04	1	2.8	2	1	2	-1.51133501259445	4	Guwahati, Assam, India	IN	IN03	17583	26.1833	91.7333	-2096059	0								4	Barpeta, Assam, India	IN	IN03	17583	26.3167	91	-2090641	20260315081500	https://www.dailyexcelsior.com/cong-pocketed-rs-150-cr-per-annum-from-assam-healthcare-budget-during-15-yrs-of-rule-shah/
1294308356	20260315	202603	2026	2026.2055	IND	BOMBAY	IND																		1	090	090	09	2	-2.0	2	1	2	-4.31266846361186	4	Aurangabad, Maharashtra, India	IN	IN16	70178	19.8833	75.3333	-2089356	0								4	Aurangabad, Maharashtra, India	IN	IN16	70178	19.8833	75.3333	-2089356	20260315081500	https://timesofindia.indiatimes.com/life-style/food-news/upset-with-lpg-shortage-this-engineer-from-pune-is-making-his-own-cooking-gas-at-home-with-kitchen-waste/articleshow/129585565.cms
1294308357	20260315	202603	2026	2026.2055	IND	BOMBAY	IND																		1	090	090	09	2	-2.0	4	1	4	-4.31266846361186	4	Pune, Maharashtra, India	IN	IN16	70178	18.5333	73.8667	-2108361	0								4	Pune, Maharashtra, India	IN	IN16	70178	18.5333	73.8667	-2108361	20260315081500	https://timesofindia.indiatimes.com/life-style/food-news/upset-with-lpg-shortage-this-engineer-from-pune-is-making-his-own-cooking-gas-at-home-with-kitchen-waste/articleshow/129585565.cms
1294308358	20260315	202603	2026	2026.2055	IND	NEW DELHI	IND								BEL	BRUSSELS	BEL								1	036	036	03	1	4.0	6	1	6	1.63487738419619	4	New Delhi, Delhi, India	IN	IN07	17911	28.6	77.2	-2106102	4	Brussels, Bruxelles-Capitale, Belgium	BE	BE11	5850	50.8333	4.33333	-1955538	4	Brussels, Bruxelles-Capitale, Belgium	BE	BE11	5850	50.8333	4.33333	-1955538	20260315081500	https://economictimes.indiatimes.com/news/india/eam-s-jaishankar-to-embark-on-two-day-visit-to-brussels/articleshow/129586422.cms
1294308359	20260315	202603	2026	2026.2055	IND	CHENNAI	IND								ELIPTY	ACTOR						ELI			1	120	120	12	3	-4.0	6	1	6	1.55210643015521	5	Tamil Nadu, Tamil Nadu, India	IN	IN25	70248	11	78	-2112557	5	Tamil Nadu, Tamil Nadu, India	IN	IN25	70248	11	78	-2112557	5	Tamil Nadu, Tamil Nadu, India	IN	IN25	70248	11	78	-2112557	20260315081500	https://economictimes.indiatimes.com/news/elections/assembly-elections/tamil-nadu/tamil-nadu-polls-aiadmk-chief-palaniswami-rules-out-alliance-with-vijay-led-tvk/articleshow/129586095.cms
1294308360	20260315	202603	2026	2026.2055	IND	NEW DELHI	IND								GOV	ELECTION COMMISSION						GOV			1	110	110	11	3	-2.0	2	1	2	0.806451612903227	5	Tamil Nadu, Tamil Nadu, India	IN	IN25	70248	11	78	-2112557	5	Tamil Nadu, Tamil Nadu, India	IN	IN25	70248	11	78	-2112557	5	Tamil Nadu, Tamil Nadu, India	IN	IN25	70248	11	78	-2112557	20260315081500	https://www.indiatvnews.com/news/india/election-commission-announce-poll-schedule-for-kerala-west-bengal-tamil-nadu-assam-and-puducherry-latest-updates-2026-03-15-1033813
1294308361	20260315	202603	2026	2026.2055	IND	NEW DELHI	IND								IGOEUREEC	EUROPEAN UNION	EUR	EEC				IGO			1	042	042	04	1	1.9	6	1	6	1.63487738419619	4	New Delhi, Delhi, India	IN	IN07	17911	28.6	77.2	-2106102	4	Brussels, Bruxelles-Capitale, Belgium	BE	BE11	5850	50.8333	4.33333	-1955538	4	Brussels, Bruxelles-Capitale, Belgium	BE	BE11	5850	50.8333	4.33333	-1955538	20260315081500	https://economictimes.indiatimes.com/news/india/eam-s-jaishankar-to-embark-on-two-day-visit-to-brussels/articleshow/129586422.cms
1294308362	20260315	202603	2026	2026.2055	IND	WEST BENGAL	IND								INDGOV	MAMATA BANERJEE	IND					GOV			1	128	128	12	3	-5.0	10	1	10	0	4	Bhangar, Maharashtra, India	IN	IN16	17778	17.8333	73.25	-2091343	4	Bhangar, Maharashtra, India	IN	IN16	17778	17.8333	73.25	-2091343	4	Bhangar, Maharashtra, India	IN	IN16	17778	17.8333	73.25	-2091343	20260315081500	https://economictimes.indiatimes.com/news/elections/assembly-elections/west-bengal/west-bengal-election-2021-results-looking-back-at-how-mamata-banerjee-and-co-defied-the-bjp-surge-for-the-battle-of-bengal/articleshow/129585995.cms
1294308363	20260315	202603	2026	2026.2055	IND	CHENNAI	IND								MED	MEDIA						MED			1	010	010	01	1	0.0	6	1	6	1.55210643015521	4	Chennai, Tamil Nadu, India	IN	IN25	70251	13.0833	80.2833	-2103041	4	Chennai, Tamil Nadu, India	IN	IN25	70251	13.0833	80.2833	-2103041	4	Chennai, Tamil Nadu, India	IN	IN25	70251	13.0833	80.2833	-2103041	20260315081500	https://economictimes.indiatimes.com/news/elections/assembly-elections/tamil-nadu/tamil-nadu-polls-aiadmk-chief-palaniswami-rules-out-alliance-with-vijay-led-tvk/articleshow/129586095.cms
1294308364	20260315	202603	2026	2026.2055	IND	ASSAM	IND								NGOUSAJEW	AMIT	USA			JEW		NGO			1	043	043	04	1	2.8	6	1	6	-1.51133501259445	4	Abhayapuri, Assam, India	IN	IN03	70086	26.3333	90.6667	-2088096	4	Abhayapuri, Assam, India	IN	IN03	70086	26.3333	90.6667	-2088096	4	Abhayapuri, Assam, India	IN	IN03	70086	26.3333	90.6667	-2088096	20260315081500	https://www.dailyexcelsior.com/cong-pocketed-rs-150-cr-per-annum-from-assam-healthcare-budget-during-15-yrs-of-rule-shah/
1294308365	20260315	202603	2026	2026.2055	IND	ASSAM	IND								NGOUSAJEW	AMIT	USA			JEW		NGO			1	043	043	04	1	2.8	2	1	2	-1.51133501259445	4	Guwahati, Assam, India	IN	IN03	17583	26.1833	91.7333	-2096059	4	Guwahati, Assam, India	IN	IN03	17583	26.1833	91.7333	-2096059	4	Guwahati, Assam, India	IN	IN03	17583	26.1833	91.7333	-2096059	20260315081500	https://www.dailyexcelsior.com/cong-pocketed-rs-150-cr-per-annum-from-assam-healthcare-budget-during-15-yrs-of-rule-shah/
1294308366	20260315	202603	2026	2026.2055	IND	NEW DELHI	IND								OPP	SOCIAL REFORMER						OPP			1	017	017	01	1	0.0	6	1	6	0.26737967914438	4	New Delhi, Delhi, India	IN	IN07	17911	28.6	77.2	-2106102	4	New Delhi, Delhi, India	IN	IN07	17911	28.6	77.2	-2106102	4	New Delhi, Delhi, India	IN	IN07	17911	28.6	77.2	-2106102	20260315081500	http://www.bignewsnetwork.com/news/278923155/great-social-reformer-mallikarjun-kharge-pays-tribute-to-kanshi-ram-on-birth-anniversary
1294308367	20260315	202603	2026	2026.2055	INDGOV	ASSAM	IND					GOV													1	070	070	07	2	7.0	10	1	10	4.85714285714286	0								0								0								20260315081500	https://www.biospectrumindia.com/news/16/27486/government-of-assam-approves-rs-700-cr-integrated-healthcare-hospitality-project-by-ambuja-neotia-group.html
1294308368	20260315	202603	2026	2026.2055	IRN	IRAN	IRN																		0	010	010	01	1	0.0	1	1	1	-2.99792223211636	4	Isfahan, Esfahan, Iran	IR	IR28	40941	32.6597	51.6714	6013426	0								1	Russia	RS	RS		60	100	RS	20260315081500	https://www.mirror.co.uk/news/world-news/iran-trump-mojtaba-khamenei-live-36843602
1294308369	20260315	202603	2026	2026.2055	IRN	IRAN	IRN																		0	020	020	02	1	3.0	1	1	1	-3.76432078559739	4	Kharg Island, Bushehr, Iran	IR	IR22	40962	29.2458	50.3158	-3070760	0								1	Iraq	IZ	IZ		33	44	IZ	20260315081500	https://www.bostonglobe.com/2026/03/15/business/trump-urges-us-allies-to-send-warships-to-strait-of-hormuz/
1294308370	20260315	202603	2026	2026.2055	IRN	IRAN	IRN																		0	1123	112	11	3	-2.0	20	1	20	-6.30200685266765	4	Kharg Island, Bushehr, Iran	IR	IR22	40962	29.2458	50.3158	-3070760	0								4	Kharg Island, Bushehr, Iran	IR	IR22	40962	29.2458	50.3158	-3070760	20260315081500	https://www.dailyexcelsior.com/latest-uae-reports-new-missile-attack-day-after-iran-warns-3-major-ports-to-evacuate/
1294308371	20260315	202603	2026	2026.2055	IRN	IRAN	IRN																		0	1246	124	12	3	-4.0	2	1	2	-2.99792223211636	4	Isfahan, Esfahan, Iran	IR	IR28	40941	32.6597	51.6714	6013426	0								4	Borj Qalaouiye, Nabatî, Lebanon	LE	LE07	18314	33.2606	35.4189	-802220	20260315081500	https://www.mirror.co.uk/news/world-news/iran-trump-mojtaba-khamenei-live-36843602
1294308372	20260315	202603	2026	2026.2055	IRN	IRANIAN	IRN																		0	180	180	18	4	-9.0	2	1	2	-2.84463894967177	1	India	IN	IN		20	77	IN	0								1	India	IN	IN		20	77	IN	20260315081500	https://www.news18.com/explainers/can-us-president-trump-secure-strait-of-hormuz-with-global-show-of-force-against-iran-ws-l-9961398.html
1294308373	20260315	202603	2026	2026.2055	IRN	IRAN	IRN																		0	190	190	19	4	-10.0	2	1	2	-2.99792223211636	4	Mizan, Ardabil, Iran	IR	IR32	41035	38.365	47.3979	-3075230	0								4	Mizan, Ardabil, Iran	IR	IR32	41035	38.365	47.3979	-3075230	20260315081500	https://www.mirror.co.uk/news/world-news/iran-trump-mojtaba-khamenei-live-36843602
1294308374	20260315	202603	2026	2026.2055	IRN	IRAN	IRN																		1	190	190	19	4	-10.0	8	1	8	-3.73134328358209	4	Maalot-Tarshiha, Ha?afon, Israel	IS	IS03	18314	33.0134	35.2837	-780520	0								4	Maalot-Tarshiha, Ha?afon, Israel	IS	IS03	18314	33.0134	35.2837	-780520	20260315081500	https://www.middleeasteye.net/live-blog/live-blog-update/iran-launches-ten-hypersonic-missiles-latest-wave-attacks
1294308375	20260315	202603	2026	2026.2055	IRN	IRAN	IRN																		1	190	190	19	4	-10.0	2	1	2	-3.73134328358209	1	Lebanon	LE	LE		33.833333	35.833333	LE	0								4	Maalot-Tarshiha, Ha?afon, Israel	IS	IS03	18314	33.0134	35.2837	-780520	20260315081500	https://www.middleeasteye.net/live-blog/live-blog-update/iran-launches-ten-hypersonic-missiles-latest-wave-attacks
1294308376	20260315	202603	2026	2026.2055	IRN	IRAN	IRN								ARE	UNITED ARAB EMIRATES	ARE								0	020	020	02	1	3.0	8	1	8	-2.99792223211636	4	Mizan, Ardabil, Iran	IR	IR32	41035	38.365	47.3979	-3075230	4	Jebel Ali, Dubayy, United Arab Emirates	AE	AE03	28575	25.0128	55.0495	-783229	4	Mizan, Ardabil, Iran	IR	IR32	41035	38.365	47.3979	-3075230	20260315081500	https://www.mirror.co.uk/news/world-news/iran-trump-mojtaba-khamenei-live-36843602
1294308377	20260315	202603	2026	2026.2055	IRN	IRAN	IRN								ARE	UNITED ARAB EMIRATES	ARE								0	020	020	02	1	3.0	2	1	2	-2.99792223211636	2	Ohio, United States	US	USOH		40.3736	-82.7755	OH	4	Mizan, Ardabil, Iran	IR	IR32	41035	38.365	47.3979	-3075230	4	Mizan, Ardabil, Iran	IR	IR32	41035	38.365	47.3979	-3075230	20260315081500	https://www.mirror.co.uk/news/world-news/iran-trump-mojtaba-khamenei-live-36843602
1294308378	20260315	202603	2026	2026.2055	IRN	IRAN	IRN								CHN	CHINA	CHN								1	012	012	01	1	-0.4	2	1	2	-2.45098039215686	4	Tehran, Tehran, Iran	IR	IR26	41130	35.75	51.5148	10074674	4	Tehran, Tehran, Iran	IR	IR26	41130	35.75	51.5148	10074674	4	Tehran, Tehran, Iran	IR	IR26	41130	35.75	51.5148	10074674	20260315081500	https://pakobserver.net/trump-threatens-more-strikes-on-kharg-island-says-deal-not-good-enough-yet/
1294308379	20260315	202603	2026	2026.2055	IRN	IRANIAN	IRN								CHN	CHINA	CHN								0	190	190	19	4	-10.0	1	1	1	-2.99792223211636	4	Mizan, Ardabil, Iran	IR	IR32	41035	38.365	47.3979	-3075230	4	Kharg, Qinghai, China	CH	CH06	13209	37.2232	100.416	-1908197	4	Mizan, Ardabil, Iran	IR	IR32	41035	38.365	47.3979	-3075230	20260315081500	https://www.mirror.co.uk/news/world-news/iran-trump-mojtaba-khamenei-live-36843602
1294308380	20260315	202603	2026	2026.2055	IRN	IRANIAN	IRN								CHN	CHINA	CHN								0	190	190	19	4	-10.0	1	1	1	-2.99792223211636	4	Mizan, Ardabil, Iran	IR	IR32	41035	38.365	47.3979	-3075230	4	Mizan, Ardabil, Iran	IR	IR32	41035	38.365	47.3979	-3075230	4	Mizan, Ardabil, Iran	IR	IR32	41035	38.365	47.3979	-3075230	20260315081500	https://www.mirror.co.uk/news/world-news/iran-trump-mojtaba-khamenei-live-36843602
1294308381	20260315	202603	2026	2026.2055	IRN	IRAN	IRN								CVL	CIVILIAN						CVL			1	190	190	19	4	-10.0	4	1	4	-5.18867924528302	1	Iraq	IZ	IZ		33	44	IZ	1	Iraq	IZ	IZ		33	44	IZ	1	Iraq	IZ	IZ		33	44	IZ	20260315081500	https://www.semissourian.com/world/trump-urges-us-allies-to-send-warships-to-strait-of-hormuz-as-iran-vows-to-retaliate-19db971a
1294308382	20260315	202603	2026	2026.2055	IRN	IRAN	IRN								GBR	UNITED KINGDOM	GBR								0	100	100	10	3	-5.0	8	1	8	-2.90502793296089	1	Iran	IR	IR		32	53	IR	1	United Kingdom	UK	UK		54	-4	UK	1	United Kingdom	UK	UK		54	-4	UK	20260315081500	https://www.plymouthherald.co.uk/news/news-opinion/royal-navy-been-shamefully-neglected-10864362
1294308383	20260315	202603	2026	2026.2055	IRN	IRAN	IRN								GBR	UNITED KINGDOM	GBR								0	100	100	10	3	-5.0	2	1	2	-2.90502793296089	1	United Kingdom	UK	UK		54	-4	UK	1	United Kingdom	UK	UK		54	-4	UK	1	United Kingdom	UK	UK		54	-4	UK	20260315081500	https://www.plymouthherald.co.uk/news/news-opinion/royal-navy-been-shamefully-neglected-10864362
1294308384	20260315	202603	2026	2026.2055	IRN	IRAN	IRN								GOV	PRESIDENT						GOV			1	060	060	06	2	6.0	6	1	6	-9.72972972972972	4	Tehran, Tehran, Iran	IR	IR26	41130	35.75	51.5148	10074674	1	United States	US	US		39.828175	-98.5795	US	4	Tehran, Tehran, Iran	IR	IR26	41130	35.75	51.5148	10074674	20260315081500	https://athens-times.com/nightmare-night-in-israel-as-iran-and-hezbollah-launch-attacks/
1294308385	20260315	202603	2026	2026.2055	IRN	IRAN	IRN								GOV	PRESIDENT						GOV			1	0871	087	08	2	9.0	8	1	8	-9.72972972972972	4	Kharg, Bushehr, Iran	IR	IR22	40962	29.25	50.3286	-3067896	4	Kharg, Bushehr, Iran	IR	IR22	40962	29.25	50.3286	-3067896	4	Kharg, Bushehr, Iran	IR	IR22	40962	29.25	50.3286	-3067896	20260315081500	https://athens-times.com/nightmare-night-in-israel-as-iran-and-hezbollah-launch-attacks/
1294308386	20260315	202603	2026	2026.2055	IRN	IRANIAN	IRN								IRNMED	IRAN	IRN					MED			0	010	010	01	1	0.0	4	1	4	-2.99792223211636	4	Isfahan, Esfahan, Iran	IR	IR28	40941	32.6597	51.6714	6013426	4	Isfahan, Esfahan, Iran	IR	IR28	40941	32.6597	51.6714	6013426	4	Isfahan, Esfahan, Iran	IR	IR28	40941	32.6597	51.6714	6013426	20260315081500	https://www.mirror.co.uk/news/world-news/iran-trump-mojtaba-khamenei-live-36843602
1294308387	20260315	202603	2026	2026.2055	IRN	IRANIAN	IRN								IRNMIL	IRAN	IRN					MIL			0	190	190	19	4	-10.0	2	1	2	-2.99792223211636	4	Mizan, Ardabil, Iran	IR	IR32	41035	38.365	47.3979	-3075230	4	Mizan, Ardabil, Iran	IR	IR32	41035	38.365	47.3979	-3075230	4	Mizan, Ardabil, Iran	IR	IR32	41035	38.365	47.3979	-3075230	20260315081500	https://www.mirror.co.uk/news/world-news/iran-trump-mojtaba-khamenei-live-36843602
1294308388	20260315	202603	2026	2026.2055	IRN	IRAN	IRN								IRNMOS	IRAN	IRN			MOS					1	013	013	01	1	0.4	8	1	8	-1.72413793103448	1	Iran	IR	IR		32	53	IR	1	Iran	IR	IR		32	53	IR	1	Iran	IR	IR		32	53	IR	20260315081500	https://www.middleeasteye.net/live-blog/live-blog-update/iran-launches-new-wave-strikes-against-us-israeli-targets
1294308389	20260315	202603	2026	2026.2055	IRN	IRAN	IRN								IRNMOS	IRAN	IRN			MOS					1	013	013	01	1	0.4	2	1	2	-1.72413793103448	1	Israel	IS	IS		31.5	34.75	IS	1	Israel	IS	IS		31.5	34.75	IS	1	Iran	IR	IR		32	53	IR	20260315081500	https://www.middleeasteye.net/live-blog/live-blog-update/iran-launches-new-wave-strikes-against-us-israeli-targets
1294308390	20260315	202603	2026	2026.2055	IRN	IRAN	IRN								IRQ	IRAQ	IRQ								0	010	010	01	1	0.0	4	1	4	-3.76432078559739	4	Kharg Island, Bushehr, Iran	IR	IR22	40962	29.2458	50.3158	-3070760	1	Iraq	IZ	IZ		33	44	IZ	1	Iraq	IZ	IZ		33	44	IZ	20260315081500	https://www.bostonglobe.com/2026/03/15/business/trump-urges-us-allies-to-send-warships-to-strait-of-hormuz/
1294308391	20260315	202603	2026	2026.2055	IRN	IRAN	IRN								IRQ	BAGHDAD	IRQ								0	190	190	19	4	-10.0	6	1	6	-2.99792223211636	4	Mizan, Ardabil, Iran	IR	IR32	41035	38.365	47.3979	-3075230	4	Baghdad, Baghdad, Iraq	IZ	IZ07	36785	33.3386	44.3939	-3103581	4	Mizan, Ardabil, Iran	IR	IR32	41035	38.365	47.3979	-3075230	20260315081500	https://www.mirror.co.uk/news/world-news/iran-trump-mojtaba-khamenei-live-36843602
1294308392	20260315	202603	2026	2026.2055	IRN	IRAN	IRN								IRQ	IRAQ	IRQ								0	190	190	19	4	-10.0	2	1	2	-2.99792223211636	4	Baghdad, Baghdad, Iraq	IZ	IZ07	36785	33.3386	44.3939	-3103581	4	Baghdad, Baghdad, Iraq	IZ	IZ07	36785	33.3386	44.3939	-3103581	4	Mizan, Ardabil, Iran	IR	IR32	41035	38.365	47.3979	-3075230	20260315081500	https://www.mirror.co.uk/news/world-news/iran-trump-mojtaba-khamenei-live-36843602
1294308393	20260315	202603	2026	2026.2055	IRN	IRAN	IRN								IRQ	BAGHDAD	IRQ								0	190	190	19	4	-10.0	2	1	2	-2.99792223211636	1	Israel	IS	IS		31.5	34.75	IS	1	Israel	IS	IS		31.5	34.75	IS	1	Israel	IS	IS		31.5	34.75	IS	20260315081500	https://www.mirror.co.uk/news/world-news/iran-trump-mojtaba-khamenei-live-36843602
1294308394	20260315	202603	2026	2026.2055	IRN	IRAN	IRN								ISR	ISRAELI	ISR								1	040	040	04	1	1.0	8	1	8	-6.94444444444445	1	Iran	IR	IR		32	53	IR	1	Israel	IS	IS		31.5	34.75	IS	1	Israel	IS	IS		31.5	34.75	IS	20260315081500	https://news.webindia123.com/news/Articles/World/20260315/4427459.html
1294308395	20260315	202603	2026	2026.2055	IRN	IRAN	IRN								ISR	ISRAEL	ISR								1	062	062	06	2	7.4	2	1	2	-2.84463894967177	4	Tehran, Tehran, Iran	IR	IR26	41130	35.75	51.5148	10074674	4	Tehran, Tehran, Iran	IR	IR26	41130	35.75	51.5148	10074674	4	Tehran, Tehran, Iran	IR	IR26	41130	35.75	51.5148	10074674	20260315081500	https://www.news18.com/explainers/can-us-president-trump-secure-strait-of-hormuz-with-global-show-of-force-against-iran-ws-l-9961398.html
1294308396	20260315	202603	2026	2026.2055	IRN	IRAN	IRN								ISR	ISRAEL	ISR								1	062	062	06	2	7.4	6	1	6	-2.84463894967177	4	Tehran, Tehran, Iran	IR	IR26	41130	35.75	51.5148	10074674	1	Israel	IS	IS		31.5	34.75	IS	4	Tehran, Tehran, Iran	IR	IR26	41130	35.75	51.5148	10074674	20260315081500	https://www.news18.com/explainers/can-us-president-trump-secure-strait-of-hormuz-with-global-show-of-force-against-iran-ws-l-9961398.html
1294308397	20260315	202603	2026	2026.2055	IRN	IRAN	IRN								ISR	ISRAEL	ISR								1	062	062	06	2	7.4	2	1	2	-2.84463894967177	1	Israel	IS	IS		31.5	34.75	IS	1	Israel	IS	IS		31.5	34.75	IS	4	Tehran, Tehran, Iran	IR	IR26	41130	35.75	51.5148	10074674	20260315081500	https://www.news18.com/explainers/can-us-president-trump-secure-strait-of-hormuz-with-global-show-of-force-against-iran-ws-l-9961398.html
1294308398	20260315	202603	2026	2026.2055	IRN	IRAN	IRN								ISR	ISRAELI	ISR								1	085	085	08	2	7.0	4	1	4	-5.97014925373138	1	Iran	IR	IR		32	53	IR	1	Iran	IR	IR		32	53	IR	1	Iran	IR	IR		32	53	IR	20260315081500	https://www.bostonglobe.com/2026/03/15/opinion/letters-trump-un-war-on-diplomacy/
1294308399	20260315	202603	2026	2026.2055	IRN	IRAN	IRN								ISR	ISRAELI	ISR								1	173	173	17	4	-5.0	2	1	2	-2.99792223211636	4	Mizan, Ardabil, Iran	IR	IR32	41035	38.365	47.3979	-3075230	4	Mizan, Ardabil, Iran	IR	IR32	41035	38.365	47.3979	-3075230	4	Mizan, Ardabil, Iran	IR	IR32	41035	38.365	47.3979	-3075230	20260315081500	https://www.mirror.co.uk/news/world-news/iran-trump-mojtaba-khamenei-live-36843602
1294308400	20260315	202603	2026	2026.2055	IRN	IRAN	IRN								ISR	ISRAELI	ISR								1	173	173	17	4	-5.0	2	1	2	-2.99792223211636	4	Mizan, Ardabil, Iran	IR	IR32	41035	38.365	47.3979	-3075230	4	Jebel Ali, Dubayy, United Arab Emirates	AE	AE03	28575	25.0128	55.0495	-783229	4	Jebel Ali, Dubayy, United Arab Emirates	AE	AE03	28575	25.0128	55.0495	-783229	20260315081500	https://www.mirror.co.uk/news/world-news/iran-trump-mojtaba-khamenei-live-36843602
1294308401	20260315	202603	2026	2026.2055	IRN	IRAN	IRN								ISR	ISRAELI	ISR								1	173	173	17	4	-5.0	1	1	1	-5.74948665297741	4	Tel Aviv, Tel Aviv, Israel	IS	IS05	18316	32.0667	34.7667	-781545	4	Tel Aviv, Tel Aviv, Israel	IS	IS05	18316	32.0667	34.7667	-781545	4	Tel Aviv, Tel Aviv, Israel	IS	IS05	18316	32.0667	34.7667	-781545	20260315081500	https://www.semissourian.com/world/the-latest-iran-threatens-uae-as-trump-urges-us-allies-to-send-warships-to-strait-of-hormuz-35ce9e56
1294308402	20260315	202603	2026	2026.2055	IRN	IRAN	IRN								ISR	ISRAELI	ISR								1	173	173	17	4	-5.0	1	1	1	-5.74948665297741	4	Tel Aviv, Tel Aviv, Israel	IS	IS05	18316	32.0667	34.7667	-781545	4	Tehran, Tehran, Iran	IR	IR26	41130	35.75	51.5148	10074674	4	Tehran, Tehran, Iran	IR	IR26	41130	35.75	51.5148	10074674	20260315081500	https://www.semissourian.com/world/the-latest-iran-threatens-uae-as-trump-urges-us-allies-to-send-warships-to-strait-of-hormuz-35ce9e56
1294308403	20260315	202603	2026	2026.2055	IRN	TEHRAN	IRN								ISR	ISRAEL	ISR								1	173	173	17	4	-5.0	10	1	10	-12.5827814569537	4	Tehran, Tehran, Iran	IR	IR26	41130	35.75	51.5148	10074674	1	Israel	IS	IS		31.5	34.75	IS	4	Tehran, Tehran, Iran	IR	IR26	41130	35.75	51.5148	10074674	20260315081500	https://www.spacewar.com/afp/260315070435.cce7bb5a.html
1294308404	20260315	202603	2026	2026.2055	IRN	IRAN	IRN								ISR	ISRAEL	ISR								0	190	190	19	4	-10.0	1	1	1	-2.99792223211636	4	Mizan, Ardabil, Iran	IR	IR32	41035	38.365	47.3979	-3075230	4	Baghdad, Baghdad, Iraq	IZ	IZ07	36785	33.3386	44.3939	-3103581	4	Baghdad, Baghdad, Iraq	IZ	IZ07	36785	33.3386	44.3939	-3103581	20260315081500	https://www.mirror.co.uk/news/world-news/iran-trump-mojtaba-khamenei-live-36843602
1294308405	20260315	202603	2026	2026.2055	IRN	IRAN	IRN								ISRGOV	ISRAELI	ISR					GOV			1	173	173	17	4	-5.0	6	1	6	-2.99792223211636	4	Mizan, Ardabil, Iran	IR	IR32	41035	38.365	47.3979	-3075230	4	Mizan, Ardabil, Iran	IR	IR32	41035	38.365	47.3979	-3075230	4	Mizan, Ardabil, Iran	IR	IR32	41035	38.365	47.3979	-3075230	20260315081500	https://www.mirror.co.uk/news/world-news/iran-trump-mojtaba-khamenei-live-36843602
1294308406	20260315	202603	2026	2026.2055	IRN	IRAN	IRN								ISRGOV	ISRAELI	ISR					GOV			1	173	173	17	4	-5.0	3	1	3	-5.74948665297741	4	Tel Aviv, Tel Aviv, Israel	IS	IS05	18316	32.0667	34.7667	-781545	4	Tehran, Tehran, Iran	IR	IR26	41130	35.75	51.5148	10074674	4	Tehran, Tehran, Iran	IR	IR26	41130	35.75	51.5148	10074674	20260315081500	https://www.semissourian.com/world/the-latest-iran-threatens-uae-as-trump-urges-us-allies-to-send-warships-to-strait-of-hormuz-35ce9e56
1294308407	20260315	202603	2026	2026.2055	IRN	IRAN	IRN								MED	MEDIA						MED			0	020	020	02	1	3.0	1	1	1	-3.76432078559739	4	Kharg Island, Bushehr, Iran	IR	IR22	40962	29.2458	50.3158	-3070760	4	Kharg Island, Bushehr, Iran	IR	IR22	40962	29.2458	50.3158	-3070760	1	Iraq	IZ	IZ		33	44	IZ	20260315081500	https://www.bostonglobe.com/2026/03/15/business/trump-urges-us-allies-to-send-warships-to-strait-of-hormuz/
1294308408	20260315	202603	2026	2026.2055	IRN	IRAN	IRN								MED	MEDIA						MED			0	100	100	10	3	-5.0	4	1	4	-2.99792223211636	4	Isfahan, Esfahan, Iran	IR	IR28	40941	32.6597	51.6714	6013426	4	Isfahan, Esfahan, Iran	IR	IR28	40941	32.6597	51.6714	6013426	4	Isfahan, Esfahan, Iran	IR	IR28	40941	32.6597	51.6714	6013426	20260315081500	https://www.mirror.co.uk/news/world-news/iran-trump-mojtaba-khamenei-live-36843602
1294308409	20260315	202603	2026	2026.2055	IRN	IRAN	IRN								MEX	MEXICO	MEX								1	042	042	04	1	1.9	1	1	1	-8.51063829787234	1	Iran	IR	IR		32	53	IR	1	Iran	IR	IR		32	53	IR	1	Iran	IR	IR		32	53	IR	20260315081500	https://www.dagelijksestandaard.nl/buitenland/ann-coulter-ontmaskert-de-stuitende-hypocrisie-van-de-oorlogshaviken-met-een-briljante-tweet
1294308410	20260315	202603	2026	2026.2055	IRN	IRAN	IRN								MEX	MEXICO	MEX								1	042	042	04	1	1.9	4	1	4	-8.51063829787234	1	Iran	IR	IR		32	53	IR	1	Mexico	MX	MX		23	-102	MX	1	Iran	IR	IR		32	53	IR	20260315081500	https://www.dagelijksestandaard.nl/buitenland/ann-coulter-ontmaskert-de-stuitende-hypocrisie-van-de-oorlogshaviken-met-een-briljante-tweet
1294308411	20260315	202603	2026	2026.2055	IRN	IRAN	IRN								RUS	RUSSIA	RUS								0	010	010	01	1	0.0	1	1	1	-2.99792223211636	4	Isfahan, Esfahan, Iran	IR	IR28	40941	32.6597	51.6714	6013426	4	Isfahan, Esfahan, Iran	IR	IR28	40941	32.6597	51.6714	6013426	4	Isfahan, Esfahan, Iran	IR	IR28	40941	32.6597	51.6714	6013426	20260315081500	https://www.mirror.co.uk/news/world-news/iran-trump-mojtaba-khamenei-live-36843602
1294308412	20260315	202603	2026	2026.2055	IRN	IRAN	IRN								RUS	RUSSIA	RUS								0	010	010	01	1	0.0	1	1	1	-2.99792223211636	4	Isfahan, Esfahan, Iran	IR	IR28	40941	32.6597	51.6714	6013426	1	Russia	RS	RS		60	100	RS	1	Russia	RS	RS		60	100	RS	20260315081500	https://www.mirror.co.uk/news/world-news/iran-trump-mojtaba-khamenei-live-36843602
1294308413	20260315	202603	2026	2026.2055	IRN	IRAN	IRN								USA	THE US	USA								0	036	036	03	1	4.0	1	1	1	-2.99792223211636	4	Isfahan, Esfahan, Iran	IR	IR28	40941	32.6597	51.6714	6013426	3	Columbus, Ohio, United States	US	USOH	OH049	39.9612	-82.9988	1080996	4	Isfahan, Esfahan, Iran	IR	IR28	40941	32.6597	51.6714	6013426	20260315081500	https://www.mirror.co.uk/news/world-news/iran-trump-mojtaba-khamenei-live-36843602
1294308414	20260315	202603	2026	2026.2055	IRN	IRAN	IRN								USA	THE US	USA								0	036	036	03	1	4.0	4	1	4	-2.99792223211636	4	Isfahan, Esfahan, Iran	IR	IR28	40941	32.6597	51.6714	6013426	4	Isfahan, Esfahan, Iran	IR	IR28	40941	32.6597	51.6714	6013426	4	Isfahan, Esfahan, Iran	IR	IR28	40941	32.6597	51.6714	6013426	20260315081500	https://www.mirror.co.uk/news/world-news/iran-trump-mojtaba-khamenei-live-36843602
1294308415	20260315	202603	2026	2026.2055	IRN	IRANIAN	IRN								USA	AMERICAN	USA								1	043	043	04	1	2.8	2	1	2	-2.89855072463768	1	Iran	IR	IR		32	53	IR	1	United States	US	US		39.828175	-98.5795	US	1	United States	US	US		39.828175	-98.5795	US	20260315081500	https://www.middleeasteye.net/live-blog/live-blog-update/irgc-says-it-launched-missiles-and-drones-targeting-us-airbase-uae
1294308416	20260315	202603	2026	2026.2055	IRN	IRAN	IRN								USA	THE US	USA								0	051	051	05	1	3.4	3	1	3	-2.90502793296089	1	Iran	IR	IR		32	53	IR	1	United Kingdom	UK	UK		54	-4	UK	1	United Kingdom	UK	UK		54	-4	UK	20260315081500	https://www.plymouthherald.co.uk/news/news-opinion/royal-navy-been-shamefully-neglected-10864362
1294308417	20260315	202603	2026	2026.2055	IRN	IRAN	IRN								USA	THE US	USA								0	060	060	06	2	6.0	2	1	2	-2.84463894967177	4	Tehran, Tehran, Iran	IR	IR26	41130	35.75	51.5148	10074674	4	Tehran, Tehran, Iran	IR	IR26	41130	35.75	51.5148	10074674	4	Tehran, Tehran, Iran	IR	IR26	41130	35.75	51.5148	10074674	20260315081500	https://www.news18.com/explainers/can-us-president-trump-secure-strait-of-hormuz-with-global-show-of-force-against-iran-ws-l-9961398.html
1294308418	20260315	202603	2026	2026.2055	IRN	IRAN	IRN								USA	UNITED STATES	USA								1	190	190	19	4	-10.0	10	1	10	-3.27868852459017	4	Abu Musa, Hormozgan, Iran	IR	IR11	25307	25.867	55.0236	216753	4	Abu Musa, Hormozgan, Iran	IR	IR11	25307	25.867	55.0236	216753	4	Abu Musa, Hormozgan, Iran	IR	IR11	25307	25.867	55.0236	216753	20260315081500	https://www.middleeasteye.net/live-blog/live-blog-update/uae-official-says-country-prioritises-restraint-after-iran-claim-us
1294308419	20260315	202603	2026	2026.2055	IRN	IRANIAN	IRN								USA	UNITED STATES	USA								0	193	193	19	4	-10.0	1	1	1	-2.99792223211636	4	Mizan, Ardabil, Iran	IR	IR32	41035	38.365	47.3979	-3075230	4	Mizan, Ardabil, Iran	IR	IR32	41035	38.365	47.3979	-3075230	4	Mizan, Ardabil, Iran	IR	IR32	41035	38.365	47.3979	-3075230	20260315081500	https://www.mirror.co.uk/news/world-news/iran-trump-mojtaba-khamenei-live-36843602
1294308420	20260315	202603	2026	2026.2055	IRN	IRANIAN	IRN								USA	UNITED STATES	USA								0	193	193	19	4	-10.0	1	1	1	-2.99792223211636	4	Mizan, Ardabil, Iran	IR	IR32	41035	38.365	47.3979	-3075230	3	Columbus, Ohio, United States	US	USOH	OH049	39.9612	-82.9988	1080996	4	Mizan, Ardabil, Iran	IR	IR32	41035	38.365	47.3979	-3075230	20260315081500	https://www.mirror.co.uk/news/world-news/iran-trump-mojtaba-khamenei-live-36843602
1294308421	20260315	202603	2026	2026.2055	IRN	IRAN	IRN								USA	AMERICAN	USA								1	194	194	19	4	-10.0	2	1	2	-8.51063829787234	1	Iran	IR	IR		32	53	IR	2	Texas, United States	US	USTX		31.106	-97.6475	TX	2	Texas, United States	US	USTX		31.106	-97.6475	TX	20260315081500	https://www.dagelijksestandaard.nl/buitenland/ann-coulter-ontmaskert-de-stuitende-hypocrisie-van-de-oorlogshaviken-met-een-briljante-tweet
1294308422	20260315	202603	2026	2026.2055	IRN	IRAN	IRN								USAGOV	UNITED STATES	USA					GOV			1	060	060	06	2	6.0	2	1	2	-9.72972972972972	4	Tehran, Tehran, Iran	IR	IR26	41130	35.75	51.5148	10074674	1	United States	US	US		39.828175	-98.5795	US	4	Tehran, Tehran, Iran	IR	IR26	41130	35.75	51.5148	10074674	20260315081500	https://athens-times.com/nightmare-night-in-israel-as-iran-and-hezbollah-launch-attacks/
1294308423	20260315	202603	2026	2026.2055	IRN	IRAN	IRN								USAGOV	UNITED STATES	USA					GOV			1	0871	087	08	2	9.0	2	1	2	-9.72972972972972	4	Kharg, Bushehr, Iran	IR	IR22	40962	29.25	50.3286	-3067896	4	Kharg, Bushehr, Iran	IR	IR22	40962	29.25	50.3286	-3067896	4	Kharg, Bushehr, Iran	IR	IR22	40962	29.25	50.3286	-3067896	20260315081500	https://athens-times.com/nightmare-night-in-israel-as-iran-and-hezbollah-launch-attacks/
1294308424	20260315	202603	2026	2026.2055	IRN	IRANIAN	IRN								USAMIL	AMERICAN	USA					MIL			1	043	043	04	1	2.8	8	1	8	-2.89855072463768	1	Iran	IR	IR		32	53	IR	1	United States	US	US		39.828175	-98.5795	US	1	United States	US	US		39.828175	-98.5795	US	20260315081500	https://www.middleeasteye.net/live-blog/live-blog-update/irgc-says-it-launched-missiles-and-drones-targeting-us-airbase-uae
1294308425	20260315	202603	2026	2026.2055	IRNCVL	TEHRAN	IRN					CVL			IRN	IRAN	IRN								1	190	190	19	4	-10.0	2	1	2	-8.59375	4	Tehran, Tehran, Iran	IR	IR26	41130	35.75	51.5148	10074674	4	Tehran, Tehran, Iran	IR	IR26	41130	35.75	51.5148	10074674	4	Tel Aviv, Tel Aviv, Israel	IS	IS05	18316	32.0667	34.7667	-781545	20260315081500	https://athens-times.com/revolutionary-guards-netanyahu-is-a-child-murderer-if-he-lives-we-will-hunt-and-kill-him/
1294308426	20260315	202603	2026	2026.2055	IRNCVL	TEHRAN	IRN					CVL			IRN	IRAN	IRN								1	190	190	19	4	-10.0	2	1	2	-8.59375	4	Tehran, Tehran, Iran	IR	IR26	41130	35.75	51.5148	10074674	4	Tehran, Tehran, Iran	IR	IR26	41130	35.75	51.5148	10074674	4	Tehran, Tehran, Iran	IR	IR26	41130	35.75	51.5148	10074674	20260315081500	https://athens-times.com/revolutionary-guards-netanyahu-is-a-child-murderer-if-he-lives-we-will-hunt-and-kill-him/
1294308427	20260315	202603	2026	2026.2055	IRNCVL	TEHRAN	IRN					CVL			ISR	TEL AVIV	ISR								1	190	190	19	4	-10.0	4	1	4	-8.59375	4	Tehran, Tehran, Iran	IR	IR26	41130	35.75	51.5148	10074674	4	Tel Aviv, Tel Aviv, Israel	IS	IS05	18316	32.0667	34.7667	-781545	4	Tehran, Tehran, Iran	IR	IR26	41130	35.75	51.5148	10074674	20260315081500	https://athens-times.com/revolutionary-guards-netanyahu-is-a-child-murderer-if-he-lives-we-will-hunt-and-kill-him/
1294308428	20260315	202603	2026	2026.2055	IRNCVL	IRAN	IRN					CVL			ISR	ISRAEL	ISR								1	190	190	19	4	-10.0	2	1	2	-8.59375	4	Tehran, Tehran, Iran	IR	IR26	41130	35.75	51.5148	10074674	4	Tehran, Tehran, Iran	IR	IR26	41130	35.75	51.5148	10074674	4	Tehran, Tehran, Iran	IR	IR26	41130	35.75	51.5148	10074674	20260315081500	https://athens-times.com/revolutionary-guards-netanyahu-is-a-child-murderer-if-he-lives-we-will-hunt-and-kill-him/
1294308429	20260315	202603	2026	2026.2055	IRNGOV	IRAN	IRN					GOV			ARE	DUBAI	ARE								1	010	010	01	1	0.0	8	1	8	-3.27868852459017	4	Kharg, Bushehr, Iran	IR	IR22	40962	29.25	50.3286	-3067896	4	Dubai, Dubayy, United Arab Emirates	AE	AE03	28575	25.2522	55.28	-782831	4	Dubai, Dubayy, United Arab Emirates	AE	AE03	28575	25.2522	55.28	-782831	20260315081500	https://www.middleeasteye.net/live-blog/live-blog-update/uae-official-says-country-prioritises-restraint-after-iran-claim-us
1294308430	20260315	202603	2026	2026.2055	IRNGOV	IRAN	IRN					GOV			ARE	UNITED ARAB EMIRATES	ARE								1	010	010	01	1	0.0	2	1	2	-3.27868852459017	4	Kharg, Bushehr, Iran	IR	IR22	40962	29.25	50.3286	-3067896	4	Dubai, Dubayy, United Arab Emirates	AE	AE03	28575	25.2522	55.28	-782831	4	Ras Al-Khaimah, Ra's al Khaymah, United Arab Emirates	AE	AE05	28574	25.7895	55.9432	-784007	20260315081500	https://www.middleeasteye.net/live-blog/live-blog-update/uae-official-says-country-prioritises-restraint-after-iran-claim-us
1294308431	20260315	202603	2026	2026.2055	IRNGOV	IRAN	IRN					GOV			IRN	IRAN	IRN								0	112	112	11	3	-2.0	1	1	1	-2.98507462686567	1	Iran	IR	IR		32	53	IR	1	Iran	IR	IR		32	53	IR	1	Iran	IR	IR		32	53	IR	20260315081500	https://www.thenews.com.pk/latest/1395718-terms-arent-good-enough-trump-resists-iran-deal-despite-global-turmoil
1294308432	20260315	202603	2026	2026.2055	IRNGOV	IRAN	IRN					GOV			USA	THE US	USA								1	111	111	11	3	-2.0	10	1	10	-3.27868852459017	4	Kharg, Bushehr, Iran	IR	IR22	40962	29.25	50.3286	-3067896	4	Kharg, Bushehr, Iran	IR	IR22	40962	29.25	50.3286	-3067896	4	Kharg, Bushehr, Iran	IR	IR22	40962	29.25	50.3286	-3067896	20260315081500	https://www.middleeasteye.net/live-blog/live-blog-update/uae-official-says-country-prioritises-restraint-after-iran-claim-us
1294308433	20260315	202603	2026	2026.2055	IRNMED	IRANIAN	IRN					MED													0	010	010	01	1	0.0	6	1	6	-2.99792223211636	4	Isfahan, Esfahan, Iran	IR	IR28	40941	32.6597	51.6714	6013426	0								4	Isfahan, Esfahan, Iran	IR	IR28	40941	32.6597	51.6714	6013426	20260315081500	https://www.mirror.co.uk/news/world-news/iran-trump-mojtaba-khamenei-live-36843602
1294308434	20260315	202603	2026	2026.2055	IRNMIL	IRANIAN	IRN					MIL													0	190	190	19	4	-10.0	2	1	2	-2.99792223211636	4	Mizan, Ardabil, Iran	IR	IR32	41035	38.365	47.3979	-3075230	0								4	Mizan, Ardabil, Iran	IR	IR32	41035	38.365	47.3979	-3075230	20260315081500	https://www.mirror.co.uk/news/world-news/iran-trump-mojtaba-khamenei-live-36843602
1294308435	20260315	202603	2026	2026.2055	IRNMIL	IRAN	IRN					MIL			CHN	CHINA	CHN								0	190	190	19	4	-10.0	4	1	4	-2.99792223211636	4	Mizan, Ardabil, Iran	IR	IR32	41035	38.365	47.3979	-3075230	4	Kharg, Qinghai, China	CH	CH06	13209	37.2232	100.416	-1908197	4	Mizan, Ardabil, Iran	IR	IR32	41035	38.365	47.3979	-3075230	20260315081500	https://www.mirror.co.uk/news/world-news/iran-trump-mojtaba-khamenei-live-36843602
1294308436	20260315	202603	2026	2026.2055	IRQ	IRAQ	IRQ								MIL	WARSHIP						MIL			0	020	020	02	1	3.0	4	1	4	-5.18867924528302	1	Iraq	IZ	IZ		33	44	IZ	1	Iraq	IZ	IZ		33	44	IZ	1	Iraq	IZ	IZ		33	44	IZ	20260315081500	https://www.semissourian.com/world/trump-urges-us-allies-to-send-warships-to-strait-of-hormuz-as-iran-vows-to-retaliate-19db971a
1294308437	20260315	202603	2026	2026.2055	IRQGOV	IRAQ	IRQ					GOV			IRQ	IRAQ	IRQ								1	013	013	01	1	0.4	4	2	4	-4.47650001544021	1	Iraq	IZ	IZ		33	44	IZ	1	Iraq	IZ	IZ		33	44	IZ	1	Iraq	IZ	IZ		33	44	IZ	20260315081500	https://www.bostonglobe.com/2026/03/15/business/trump-urges-us-allies-to-send-warships-to-strait-of-hormuz/
1294308438	20260315	202603	2026	2026.2055	IRQGOV	IRAQ	IRQ					GOV			MIL	WARSHIP						MIL			1	013	013	01	1	0.4	4	2	4	-4.47650001544021	1	Iraq	IZ	IZ		33	44	IZ	1	Iraq	IZ	IZ		33	44	IZ	1	Iraq	IZ	IZ		33	44	IZ	20260315081500	https://www.bostonglobe.com/2026/03/15/business/trump-urges-us-allies-to-send-warships-to-strait-of-hormuz/
1294308439	20260315	202603	2026	2026.2055	ISR	ISRAELI	ISR																		1	186	186	18	4	-10.0	2	1	2	-8.59375	4	Jerusalem, Israel (general), Israel	IS	IS00	18315	31.7667	35.2333	-797092	0								4	Jerusalem, Israel (general), Israel	IS	IS00	18315	31.7667	35.2333	-797092	20260315081500	https://athens-times.com/revolutionary-guards-netanyahu-is-a-child-murderer-if-he-lives-we-will-hunt-and-kill-him/
1294308440	20260315	202603	2026	2026.2055	ISR	ISRAEL	ISR																		0	193	193	19	4	-10.0	4	1	4	-7.40740740740741	4	Jerusalem, Israel (general), Israel	IS	IS00	18315	31.7667	35.2333	-797092	0								4	Jerusalem, Israel (general), Israel	IS	IS00	18315	31.7667	35.2333	-797092	20260315081500	https://imemc.org/article/west-bank-occupation-forces-shoot-two-detonate-home-of-detainee/
1294308441	20260315	202603	2026	2026.2055	ISR	ISRAELI	ISR								CVL	VILLAGE						CVL			0	180	180	18	4	-9.0	5	1	5	-7.40740740740741	4	Jerusalem, Israel (general), Israel	IS	IS00	18315	31.7667	35.2333	-797092	4	Nablus, West Bank (general), West Bank	WE	WE00	32684	32.2199	35.2636	-795575	4	Jerusalem, Israel (general), Israel	IS	IS00	18315	31.7667	35.2333	-797092	20260315081500	https://imemc.org/article/west-bank-occupation-forces-shoot-two-detonate-home-of-detainee/
1294308442	20260315	202603	2026	2026.2055	ISR	ISRAELI	ISR								CVL	VILLAGE						CVL			0	180	180	18	4	-9.0	3	1	3	-7.40740740740741	4	Jerusalem, Israel (general), Israel	IS	IS00	18315	31.7667	35.2333	-797092	4	Jerusalem, Israel (general), Israel	IS	IS00	18315	31.7667	35.2333	-797092	4	Jerusalem, Israel (general), Israel	IS	IS00	18315	31.7667	35.2333	-797092	20260315081500	https://imemc.org/article/west-bank-occupation-forces-shoot-two-detonate-home-of-detainee/
1294308443	20260315	202603	2026	2026.2055	ISR	ISRAEL	ISR								GOV	PRIME MINISTER						GOV			1	016	016	01	1	-2.0	2	1	2	-6.94444444444445	1	Israel	IS	IS		31.5	34.75	IS	1	Israel	IS	IS		31.5	34.75	IS	1	Israel	IS	IS		31.5	34.75	IS	20260315081500	https://news.webindia123.com/news/Articles/World/20260315/4427459.html
1294308444	20260315	202603	2026	2026.2055	ISR	ISRAELI	ISR								HLH	HOSPITAL						HLH			1	193	193	19	4	-10.0	2	1	2	-7.40740740740741	4	Hebron, Israel (general), Israel	IS	IS00	18315	31.5333	35.1	-793097	4	Tarqumiya, West Bank (general), West Bank	WE	WE00	18315	31.5755	35.0122	-796566	4	Hebron, Israel (general), Israel	IS	IS00	18315	31.5333	35.1	-793097	20260315081500	https://imemc.org/article/west-bank-occupation-forces-shoot-two-detonate-home-of-detainee/
1294308445	20260315	202603	2026	2026.2055	ISR	ISRAELI	ISR								HLH	HOSPITAL						HLH			1	193	193	19	4	-10.0	2	1	2	-7.40740740740741	4	Jerusalem, Israel (general), Israel	IS	IS00	18315	31.7667	35.2333	-797092	4	Nablus, West Bank (general), West Bank	WE	WE00	32684	32.2199	35.2636	-795575	4	Jerusalem, Israel (general), Israel	IS	IS00	18315	31.7667	35.2333	-797092	20260315081500	https://imemc.org/article/west-bank-occupation-forces-shoot-two-detonate-home-of-detainee/
1294308446	20260315	202603	2026	2026.2055	ISR	ISRAELI	ISR								IRN	IRAN	IRN								1	040	040	04	1	1.0	8	1	8	-6.94444444444445	1	Israel	IS	IS		31.5	34.75	IS	1	Iran	IR	IR		32	53	IR	1	Israel	IS	IS		31.5	34.75	IS	20260315081500	https://news.webindia123.com/news/Articles/World/20260315/4427459.html
1294308447	20260315	202603	2026	2026.2055	ISR	ISRAEL	ISR								IRN	IRAN	IRN								1	062	062	06	2	7.4	10	1	10	-2.84463894967177	4	Tehran, Tehran, Iran	IR	IR26	41130	35.75	51.5148	10074674	4	Tehran, Tehran, Iran	IR	IR26	41130	35.75	51.5148	10074674	4	Tehran, Tehran, Iran	IR	IR26	41130	35.75	51.5148	10074674	20260315081500	https://www.news18.com/explainers/can-us-president-trump-secure-strait-of-hormuz-with-global-show-of-force-against-iran-ws-l-9961398.html
1294308448	20260315	202603	2026	2026.2055	ISR	ISRAEL	ISR								IRN	IRAN	IRN								1	173	173	17	4	-5.0	10	1	10	-12.5827814569537	4	Tehran, Tehran, Iran	IR	IR26	41130	35.75	51.5148	10074674	1	United States	US	US		39.828175	-98.5795	US	1	United States	US	US		39.828175	-98.5795	US	20260315081500	https://www.spacewar.com/afp/260315070435.cce7bb5a.html
1294308449	20260315	202603	2026	2026.2055	ISR	ISRAEL	ISR								IRN	IRAN	IRN								1	173	173	17	4	-5.0	10	1	10	-12.5827814569537	1	Israel	IS	IS		31.5	34.75	IS	4	Tehran, Tehran, Iran	IR	IR26	41130	35.75	51.5148	10074674	4	Tehran, Tehran, Iran	IR	IR26	41130	35.75	51.5148	10074674	20260315081500	https://www.spacewar.com/afp/260315070435.cce7bb5a.html
1294308450	20260315	202603	2026	2026.2055	ISR	TEL AVIV	ISR								IRN	IRAN	IRN								1	190	190	19	4	-10.0	2	1	2	-8.59375	4	Tehran, Tehran, Iran	IR	IR26	41130	35.75	51.5148	10074674	4	Tehran, Tehran, Iran	IR	IR26	41130	35.75	51.5148	10074674	4	Tel Aviv, Tel Aviv, Israel	IS	IS05	18316	32.0667	34.7667	-781545	20260315081500	https://athens-times.com/revolutionary-guards-netanyahu-is-a-child-murderer-if-he-lives-we-will-hunt-and-kill-him/
1294308451	20260315	202603	2026	2026.2055	ISR	ISRAELI	ISR								ISRGOV	ISRAEL	ISR					GOV			1	186	186	18	4	-10.0	2	1	2	-8.59375	4	Jerusalem, Israel (general), Israel	IS	IS00	18315	31.7667	35.2333	-797092	4	Jerusalem, Israel (general), Israel	IS	IS00	18315	31.7667	35.2333	-797092	4	Jerusalem, Israel (general), Israel	IS	IS00	18315	31.7667	35.2333	-797092	20260315081500	https://athens-times.com/revolutionary-guards-netanyahu-is-a-child-murderer-if-he-lives-we-will-hunt-and-kill-him/
1294308452	20260315	202603	2026	2026.2055	ISR	ISRAELI	ISR								ISRMIL	ISRAEL	ISR					MIL			0	190	190	19	4	-10.0	2	1	2	-2.99792223211636	1	Israel	IS	IS		31.5	34.75	IS	1	Israel	IS	IS		31.5	34.75	IS	1	Israel	IS	IS		31.5	34.75	IS	20260315081500	https://www.mirror.co.uk/news/world-news/iran-trump-mojtaba-khamenei-live-36843602
1294308453	20260315	202603	2026	2026.2055	ISR	ISRAEL	ISR								MED	NEWS AGENCY						MED			1	013	013	01	1	0.4	4	1	4	-7.40740740740741	4	Hebron, Israel (general), Israel	IS	IS00	18315	31.5333	35.1	-793097	4	Hebron, Israel (general), Israel	IS	IS00	18315	31.5333	35.1	-793097	4	Hebron, Israel (general), Israel	IS	IS00	18315	31.5333	35.1	-793097	20260315081500	https://imemc.org/article/west-bank-occupation-forces-shoot-two-detonate-home-of-detainee/
1294308454	20260315	202603	2026	2026.2055	ISR	ISRAELI	ISR								MED	MEDIA						MED			1	020	020	02	1	3.0	4	1	4	-6.94444444444445	1	Iran	IR	IR		32	53	IR	1	Iran	IR	IR		32	53	IR	1	Iran	IR	IR		32	53	IR	20260315081500	https://news.webindia123.com/news/Articles/World/20260315/4427459.html
1294308455	20260315	202603	2026	2026.2055	ISR	ISRAELI	ISR								MILMIL	ARMY						MIL	MIL		0	190	190	19	4	-10.0	8	1	8	-2.99792223211636	1	Israel	IS	IS		31.5	34.75	IS	4	Mizan, Ardabil, Iran	IR	IR32	41035	38.365	47.3979	-3075230	1	Israel	IS	IS		31.5	34.75	IS	20260315081500	https://www.mirror.co.uk/news/world-news/iran-trump-mojtaba-khamenei-live-36843602
1294308456	20260315	202603	2026	2026.2055	ISR	ISRAELI	ISR								MILMIL	ARMY						MIL	MIL		0	190	190	19	4	-10.0	2	1	2	-2.99792223211636	1	Kuwait	KU	KU		29.5	47.75	KU	1	Kuwait	KU	KU		29.5	47.75	KU	1	Kuwait	KU	KU		29.5	47.75	KU	20260315081500	https://www.mirror.co.uk/news/world-news/iran-trump-mojtaba-khamenei-live-36843602
1294308457	20260315	202603	2026	2026.2055	ISR	ISRAELI	ISR								PSE	WEST BANK	PSE								1	042	042	04	1	1.9	5	1	3	-7.40740740740741	4	Hebron, Israel (general), Israel	IS	IS00	18315	31.5333	35.1	-793097	4	Hebron, Israel (general), Israel	IS	IS00	18315	31.5333	35.1	-793097	4	Hebron, Israel (general), Israel	IS	IS00	18315	31.5333	35.1	-793097	20260315081500	https://imemc.org/article/west-bank-occupation-forces-shoot-two-detonate-home-of-detainee/
1294308458	20260315	202603	2026	2026.2055	ISR	ISRAELI	ISR								PSE	WEST BANK	PSE								1	042	042	04	1	1.9	7	1	4	-7.40740740740741	4	Hebron, Israel (general), Israel	IS	IS00	18315	31.5333	35.1	-793097	4	Tarqumiya, West Bank (general), West Bank	WE	WE00	18315	31.5755	35.0122	-796566	4	Hebron, Israel (general), Israel	IS	IS00	18315	31.5333	35.1	-793097	20260315081500	https://imemc.org/article/west-bank-occupation-forces-shoot-two-detonate-home-of-detainee/
1294308459	20260315	202603	2026	2026.2055	ISR	ISRAELI	ISR								PSE	WEST BANK	PSE								1	042	042	04	1	1.9	2	1	1	-7.40740740740741	4	Hebron, Israel (general), Israel	IS	IS00	18315	31.5333	35.1	-793097	4	Tarqumiya, West Bank (general), West Bank	WE	WE00	18315	31.5755	35.0122	-796566	4	Tarqumiya, West Bank (general), West Bank	WE	WE00	18315	31.5755	35.0122	-796566	20260315081500	https://imemc.org/article/west-bank-occupation-forces-shoot-two-detonate-home-of-detainee/
1294308460	20260315	202603	2026	2026.2055	ISR	ISRAEL	ISR								PSE	WEST BANK	PSE								1	193	193	19	4	-10.0	4	1	2	-7.40740740740741	4	Hebron, Israel (general), Israel	IS	IS00	18315	31.5333	35.1	-793097	4	Tarqumiya, West Bank (general), West Bank	WE	WE00	18315	31.5755	35.0122	-796566	4	Hebron, Israel (general), Israel	IS	IS00	18315	31.5333	35.1	-793097	20260315081500	https://imemc.org/article/west-bank-occupation-forces-shoot-two-detonate-home-of-detainee/
1294308461	20260315	202603	2026	2026.2055	ISR	ISRAELI	ISR								PSE	PALESTINIAN	PSE								0	193	193	19	4	-10.0	6	1	6	-7.40740740740741	4	Jerusalem, Israel (general), Israel	IS	IS00	18315	31.7667	35.2333	-797092	4	Jerusalem, Israel (general), Israel	IS	IS00	18315	31.7667	35.2333	-797092	4	Jerusalem, Israel (general), Israel	IS	IS00	18315	31.7667	35.2333	-797092	20260315081500	https://imemc.org/article/west-bank-occupation-forces-shoot-two-detonate-home-of-detainee/
1294308462	20260315	202603	2026	2026.2055	ISR	ISRAELI	ISR								SAUGOVMIL	ABDULLAH	SAU					GOV	MIL		0	190	190	19	4	-10.0	6	1	6	-2.99792223211636	1	Israel	IS	IS		31.5	34.75	IS	4	Mizan, Ardabil, Iran	IR	IR32	41035	38.365	47.3979	-3075230	1	Israel	IS	IS		31.5	34.75	IS	20260315081500	https://www.mirror.co.uk/news/world-news/iran-trump-mojtaba-khamenei-live-36843602
1294308463	20260315	202603	2026	2026.2055	ISR	ISRAELI	ISR								USA	THE US	USA								1	040	040	04	1	1.0	3	1	3	-6.94444444444445	1	Iran	IR	IR		32	53	IR	1	Iran	IR	IR		32	53	IR	1	Iran	IR	IR		32	53	IR	20260315081500	https://news.webindia123.com/news/Articles/World/20260315/4427459.html
1294308464	20260315	202603	2026	2026.2055	ISR	ISRAELI	ISR								USA	THE US	USA								1	040	040	04	1	1.0	7	1	7	-6.94444444444445	1	Israel	IS	IS		31.5	34.75	IS	1	Israel	IS	IS		31.5	34.75	IS	1	Israel	IS	IS		31.5	34.75	IS	20260315081500	https://news.webindia123.com/news/Articles/World/20260315/4427459.html
1294308465	20260315	202603	2026	2026.2055	ISR	ISRAEL	ISR								USA	UNITED STATES	USA								0	110	110	11	3	-2.0	6	1	6	-3.93401015228427	4	Tel Aviv, Tel Aviv, Israel	IS	IS05	18316	32.0667	34.7667	-781545	1	United States	US	US		39.828175	-98.5795	US	1	United States	US	US		39.828175	-98.5795	US	20260315081500	https://www.spotlightnepal.com/2026/03/15/nepali-middle-east-living-under-threat/
1294308466	20260315	202603	2026	2026.2055	ISR	ISRAEL	ISR								USA	UNITED STATES	USA								0	110	110	11	3	-2.0	2	1	2	-3.93401015228427	1	Iran	IR	IR		32	53	IR	1	Iran	IR	IR		32	53	IR	4	Tel Aviv, Tel Aviv, Israel	IS	IS05	18316	32.0667	34.7667	-781545	20260315081500	https://www.spotlightnepal.com/2026/03/15/nepali-middle-east-living-under-threat/
1294308467	20260315	202603	2026	2026.2055	ISR	ISRAEL	ISR								USA	UNITED STATES	USA								0	110	110	11	3	-2.0	2	1	2	-3.93401015228427	1	United States	US	US		39.828175	-98.5795	US	1	United States	US	US		39.828175	-98.5795	US	1	United States	US	US		39.828175	-98.5795	US	20260315081500	https://www.spotlightnepal.com/2026/03/15/nepali-middle-east-living-under-threat/
1294308468	20260315	202603	2026	2026.2055	ISRGOV	ISRAELI	ISR					GOV													1	186	186	18	4	-10.0	6	1	6	-8.59375	1	United States	US	US		39.828175	-98.5795	US	0								1	United States	US	US		39.828175	-98.5795	US	20260315081500	https://athens-times.com/revolutionary-guards-netanyahu-is-a-child-murderer-if-he-lives-we-will-hunt-and-kill-him/
1294308469	20260315	202603	2026	2026.2055	ISRGOV	ISRAEL	ISR					GOV			ISR	ISRAEL	ISR								1	013	013	01	1	0.4	2	1	2	-7.04845814977974	1	Iraq	IZ	IZ		33	44	IZ	1	Iraq	IZ	IZ		33	44	IZ	1	Iraq	IZ	IZ		33	44	IZ	20260315081500	https://www.dailyexcelsior.com/uae-reports-new-missile-attack-day-after-iran-warns-3-major-ports-to-evacuate/
1294308470	20260315	202603	2026	2026.2055	ISRGOV	ISRAELI	ISR					GOV			MED	MEDIA						MED			1	020	020	02	1	3.0	3	1	3	-6.94444444444445	1	Iran	IR	IR		32	53	IR	1	Iran	IR	IR		32	53	IR	1	Iran	IR	IR		32	53	IR	20260315081500	https://news.webindia123.com/news/Articles/World/20260315/4427459.html
1294308471	20260315	202603	2026	2026.2055	ISRHLH	ISRAEL	ISR					HLH													0	010	010	01	1	0.0	3	1	3	-3.93401015228427	4	Tel Aviv, Tel Aviv, Israel	IS	IS05	18316	32.0667	34.7667	-781545	0								4	Tel Aviv, Tel Aviv, Israel	IS	IS05	18316	32.0667	34.7667	-781545	20260315081500	https://www.spotlightnepal.com/2026/03/15/nepali-middle-east-living-under-threat/
1294308472	20260315	202603	2026	2026.2055	JPN	JAPAN	JPN																		1	084	084	08	2	7.0	5	1	5	-3.06122448979592	4	Tokyo, Tokyo, Japan	JA	JA40	36340	35.685	139.751	-246227	0								4	Tokyo, Tokyo, Japan	JA	JA40	36340	35.685	139.751	-246227	20260315081500	https://finance.yahoo.com/news/japan-release-oil-stocks-us-075340103.html
1294308473	20260315	202603	2026	2026.2055	JPN	JAPAN	JPN								USA	ALASKA	USA								0	043	043	04	1	2.8	2	1	2	-3.06122448979592	4	Tokyo, Tokyo, Japan	JA	JA40	36340	35.685	139.751	-246227	2	Alaska, United States	US	USAK		61.385	-152.268	AK	2	Alaska, United States	US	USAK		61.385	-152.268	AK	20260315081500	https://finance.yahoo.com/news/japan-release-oil-stocks-us-075340103.html
1294308474	20260315	202603	2026	2026.2055	JPN	JAPAN	JPN								USA	UNITED STATES	USA								0	043	043	04	1	2.8	1	1	1	-3.06122448979592	2	Alaska, United States	US	USAK		61.385	-152.268	AK	2	Alaska, United States	US	USAK		61.385	-152.268	AK	2	Alaska, United States	US	USAK		61.385	-152.268	AK	20260315081500	https://finance.yahoo.com/news/japan-release-oil-stocks-us-075340103.html
1294308475	20260315	202603	2026	2026.2055	JPN	JAPAN	JPN								USA	AMERICAN	USA								1	084	084	08	2	7.0	2	1	2	-3.06122448979592	4	Tokyo, Tokyo, Japan	JA	JA40	36340	35.685	139.751	-246227	2	Alaska, United States	US	USAK		61.385	-152.268	AK	4	Tokyo, Tokyo, Japan	JA	JA40	36340	35.685	139.751	-246227	20260315081500	https://finance.yahoo.com/news/japan-release-oil-stocks-us-075340103.html
1294308476	20260315	202603	2026	2026.2055	JPN	JAPAN	JPN								USA	AMERICAN	USA								1	084	084	08	2	7.0	8	1	8	-3.06122448979592	2	Alaska, United States	US	USAK		61.385	-152.268	AK	2	Alaska, United States	US	USAK		61.385	-152.268	AK	2	Alaska, United States	US	USAK		61.385	-152.268	AK	20260315081500	https://finance.yahoo.com/news/japan-release-oil-stocks-us-075340103.html
1294308477	20260315	202603	2026	2026.2055	JUD	PROSECUTOR						JUD			USA	UNITED STATES	USA								0	060	060	06	2	6.0	3	1	3	-5.54919908466819	3	Old Dominion University, Virginia, United States	US	USVA	VA710	36.8901	-76.3046	1479256	3	Old Dominion University, Virginia, United States	US	USVA		36.8901	-76.3046	1479256	3	Old Dominion University, Virginia, United States	US	USVA		36.8901	-76.3046	1479256	20260315081500	https://edition.cnn.com/2026/03/15/us/mohamed-bailor-jalloh-old-dominion
1294308478	20260315	202603	2026	2026.2055	KHMBUS	CAMBODIA	KHM					BUS													0	051	051	05	1	3.4	2	1	2	-0.53571428571429	1	Cambodia	CB	CB		13	105	CB	0								1	Cambodia	CB	CB		13	105	CB	20260315081500	https://theasian.asia/archives/203878
1294308479	20260315	202603	2026	2026.2055	KHMBUS	CAMBODIA	KHM					BUS													0	051	051	05	1	3.4	8	1	8	-0.53571428571429	1	Lebanon	LE	LE		33.833333	35.833333	LE	0								1	Lebanon	LE	LE		33.833333	35.833333	LE	20260315081500	https://theasian.asia/archives/203878
1294308480	20260315	202603	2026	2026.2055	KOR	SOUTH KOREA	KOR																		1	017	017	01	1	0.0	6	1	6	0	4	Changwon, Kyongsang-namdo, South Korea	KS	KS20	24982	35.2281	128.681	-706032	0								4	Changwon, Kyongsang-namdo, South Korea	KS	KS20	24982	35.2281	128.681	-706032	20260315081500	https://www.koreatimes.co.kr/southkorea/20260315/lee-vows-expanded-compensation-for-activists-of-1960-democracy-movement
1294308481	20260315	202603	2026	2026.2055	KOR	SOUTH KOREA	KOR																		0	036	036	03	1	4.0	2	1	2	0.44943820224719	4	Seoul, Soul-t'ukpyolsi, South Korea	KS	KS11	24984	37.5664	127	-716583	0								4	Seoul, Soul-t'ukpyolsi, South Korea	KS	KS11	24984	37.5664	127	-716583	20260315081500	https://www.koreatimes.co.kr/foreignaffairs/20260315/korea-faces-dilemma-following-trumps-request-to-send-warships-to-hormuz
1294308482	20260315	202603	2026	2026.2055	KOR	SOUTH KOREA	KOR																		0	036	036	03	1	4.0	2	1	2	0.44943820224719	4	Seoul, Soul-t'ukpyolsi, South Korea	KS	KS11	24984	37.5664	127	-716583	0								1	Japan	JA	JA		36	138	JA	20260315081500	https://www.koreatimes.co.kr/foreignaffairs/20260315/korea-faces-dilemma-following-trumps-request-to-send-warships-to-hormuz
1294308483	20260315	202603	2026	2026.2055	KOR	SOUTH KOREAN	KOR																		1	040	040	04	1	1.0	1	1	1	0.13966480446927	1	South Korea	KS	KS		37	127.5	KS	0								4	Pyongyang, P'yongyang-si, North Korea	KN	KN12	39681	39.0194	125.755	-183459	20260315081500	https://www.koreatimes.co.kr/foreignaffairs/20260315/speculation-grows-over-trump-kim-talks-despite-major-hurdles
1294308484	20260315	202603	2026	2026.2055	KOR	SOUTH KOREA	KOR																		1	042	042	04	1	1.9	6	1	6	4.10256410256411	4	Gunsan, Cholla-bukto, South Korea	KS	KS03	24976	35.9786	126.711	-710370	0								4	Gunsan, Cholla-bukto, South Korea	KS	KS03	24976	35.9786	126.711	-710370	20260315081500	https://www.koreatimes.co.kr/business/companies/20260315/sale-of-hd-hyundais-gunsan-dockyard-gives-boost-to-masga
1294308485	20260315	202603	2026	2026.2055	KOR	SEOUL	KOR																		1	042	042	04	1	1.9	2	1	2	4.10256410256411	4	Seoul, Soul-t'ukpyolsi, South Korea	KS	KS11	24984	37.5664	127	-716583	0								4	Gunsan, Cholla-bukto, South Korea	KS	KS03	24976	35.9786	126.711	-710370	20260315081500	https://www.koreatimes.co.kr/business/companies/20260315/sale-of-hd-hyundais-gunsan-dockyard-gives-boost-to-masga
1294308486	20260315	202603	2026	2026.2055	KOR	SEOUL	KOR																		1	057	057	05	1	8.0	10	1	10	4.10256410256411	3	San Diego, California, United States	US	USCA	CA073	32.7153	-117.157	1661377	0								3	San Diego, California, United States	US	USCA		32.7153	-117.157	1661377	20260315081500	https://www.koreatimes.co.kr/business/companies/20260315/sale-of-hd-hyundais-gunsan-dockyard-gives-boost-to-masga
1294308487	20260315	202603	2026	2026.2055	KOR	REPUBLIC OF KOREA	KOR								MIL	ARMED FORCES						MIL			1	072	072	07	2	8.3	4	1	4	0.44943820224719	4	Gulf Of Oman, Iran (general), Iran	IR	IR00	40979	25.4489	57.7939	-3077385	4	Gulf Of Oman, Iran (general), Iran	IR	IR00	40979	25.4489	57.7939	-3077385	4	Gulf Of Oman, Iran (general), Iran	IR	IR00	40979	25.4489	57.7939	-3077385	20260315081500	https://www.koreatimes.co.kr/foreignaffairs/20260315/korea-faces-dilemma-following-trumps-request-to-send-warships-to-hormuz
1294308488	20260315	202603	2026	2026.2055	KOR	REPUBLIC OF KOREA	KOR								MIL	ARMED FORCES						MIL			1	084	084	08	2	7.0	4	1	4	0.44943820224719	4	Seoul, Soul-t'ukpyolsi, South Korea	KS	KS11	24984	37.5664	127	-716583	4	Seoul, Soul-t'ukpyolsi, South Korea	KS	KS11	24984	37.5664	127	-716583	4	Seoul, Soul-t'ukpyolsi, South Korea	KS	KS11	24984	37.5664	127	-716583	20260315081500	https://www.koreatimes.co.kr/foreignaffairs/20260315/korea-faces-dilemma-following-trumps-request-to-send-warships-to-hormuz
1294308489	20260315	202603	2026	2026.2055	KOR	SEOUL	KOR								USA	WASHINGTON	USA								1	060	060	06	2	6.0	1	1	1	0.44943820224719	4	Seoul, Soul-t'ukpyolsi, South Korea	KS	KS11	24984	37.5664	127	-716583	4	Seoul, Soul-t'ukpyolsi, South Korea	KS	KS11	24984	37.5664	127	-716583	4	Seoul, Soul-t'ukpyolsi, South Korea	KS	KS11	24984	37.5664	127	-716583	20260315081500	https://www.koreatimes.co.kr/foreignaffairs/20260315/korea-faces-dilemma-following-trumps-request-to-send-warships-to-hormuz
1294308490	20260315	202603	2026	2026.2055	KOR	SEOUL	KOR								USA	WASHINGTON	USA								1	060	060	06	2	6.0	6	1	6	0.44943820224719	4	Seoul, Soul-t'ukpyolsi, South Korea	KS	KS11	24984	37.5664	127	-716583	3	Washington, District of Columbia, United States	US	USDC	DC001	38.8951	-77.0364	531871	4	Seoul, Soul-t'ukpyolsi, South Korea	KS	KS11	24984	37.5664	127	-716583	20260315081500	https://www.koreatimes.co.kr/foreignaffairs/20260315/korea-faces-dilemma-following-trumps-request-to-send-warships-to-hormuz
1294308491	20260315	202603	2026	2026.2055	KORGOV	SOUTH KOREA	KOR					GOV													1	017	017	01	1	0.0	1	1	1	0	4	Changwon, Kyongsang-namdo, South Korea	KS	KS20	24982	35.2281	128.681	-706032	0								4	Changwon, Kyongsang-namdo, South Korea	KS	KS20	24982	35.2281	128.681	-706032	20260315081500	https://www.koreatimes.co.kr/southkorea/20260315/lee-vows-expanded-compensation-for-activists-of-1960-democracy-movement
1294308492	20260315	202603	2026	2026.2055	KORGOV	SOUTH KOREA	KOR					GOV			KOR	SOUTH KOREA	KOR								1	017	017	01	1	0.0	1	1	1	0	4	Changwon, Kyongsang-namdo, South Korea	KS	KS20	24982	35.2281	128.681	-706032	4	Changwon, Kyongsang-namdo, South Korea	KS	KS20	24982	35.2281	128.681	-706032	4	Changwon, Kyongsang-namdo, South Korea	KS	KS20	24982	35.2281	128.681	-706032	20260315081500	https://www.koreatimes.co.kr/southkorea/20260315/lee-vows-expanded-compensation-for-activists-of-1960-democracy-movement
1294308493	20260315	202603	2026	2026.2055	KORMIL	REPUBLIC OF KOREA	KOR					MIL			MIL	MILITARY						MIL			1	072	072	07	2	8.3	6	1	6	0.44943820224719	4	Gulf Of Oman, Iran (general), Iran	IR	IR00	40979	25.4489	57.7939	-3077385	4	Gulf Of Oman, Iran (general), Iran	IR	IR00	40979	25.4489	57.7939	-3077385	4	Gulf Of Oman, Iran (general), Iran	IR	IR00	40979	25.4489	57.7939	-3077385	20260315081500	https://www.koreatimes.co.kr/foreignaffairs/20260315/korea-faces-dilemma-following-trumps-request-to-send-warships-to-hormuz
1294308494	20260315	202603	2026	2026.2055	KORMIL	REPUBLIC OF KOREA	KOR					MIL			MIL	MILITARY						MIL			1	084	084	08	2	7.0	6	1	6	0.44943820224719	4	Seoul, Soul-t'ukpyolsi, South Korea	KS	KS11	24984	37.5664	127	-716583	4	Seoul, Soul-t'ukpyolsi, South Korea	KS	KS11	24984	37.5664	127	-716583	4	Seoul, Soul-t'ukpyolsi, South Korea	KS	KS11	24984	37.5664	127	-716583	20260315081500	https://www.koreatimes.co.kr/foreignaffairs/20260315/korea-faces-dilemma-following-trumps-request-to-send-warships-to-hormuz
1294308495	20260315	202603	2026	2026.2055	LAB	WORKER						LAB			PHLBUS	PHILIPPINE	PHL					BUS			1	042	042	04	1	1.9	6	1	6	2.12201591511937	4	Philippine, Benguet, Philippines	RP	RP10	24213	16.45	120.55	-2445611	4	Philippine, Benguet, Philippines	RP	RP10	24213	16.45	120.55	-2445611	4	Philippine, Benguet, Philippines	RP	RP10	24213	16.45	120.55	-2445611	20260315081500	https://mb.com.ph/2026/03/15/title
1294308496	20260315	202603	2026	2026.2055	LBN	LEBANON	LBN								IGOEUREEC	THE EUROPEAN UNION	EUR	EEC				IGO			1	042	042	04	1	1.9	2	1	2	-9.72972972972972	1	Lebanon	LE	LE		33.833333	35.833333	LE	4	Kharg, Bushehr, Iran	IR	IR22	40962	29.25	50.3286	-3067896	1	Lebanon	LE	LE		33.833333	35.833333	LE	20260315081500	https://athens-times.com/nightmare-night-in-israel-as-iran-and-hezbollah-launch-attacks/
1294308497	20260315	202603	2026	2026.2055	LBN	LEBANON	LBN								IGOEUREEC	THE EUROPEAN UNION	EUR	EEC				IGO			1	042	042	04	1	1.9	8	1	8	-9.97776257269927	1	Lebanon	LE	LE		33.833333	35.833333	LE	1	Lebanon	LE	LE		33.833333	35.833333	LE	1	Lebanon	LE	LE		33.833333	35.833333	LE	20260315081500	https://athens-times.com/nightmare-night-in-israel-as-iran-and-hezbollah-launch-attacks/
1294308498	20260315	202603	2026	2026.2055	LEG	CONGRESS						LEG													0	110	110	11	3	-2.0	4	1	4	1.74291938997821	4	Kottayam, Kerala, India	IN	IN13	17698	11.8333	75.5667	-2101654	0								4	Alappuzha, Kerala, India	IN	IN13	70298	9.49417	76.3275	-2088519	20260315081500	https://economictimes.indiatimes.com/news/elections/assembly-elections/kerala/kerala-elections-2026-what-happened-in-the-last-polls-a-look-back-at-big-wins-losses-and-shocks-of-2021/articleshow/129585969.cms
1294308499	20260315	202603	2026	2026.2055	LEG	CONGRESS						LEG													0	110	110	11	3	-2.0	1	1	1	1.74291938997821	4	Kottayam, Kerala, India	IN	IN13	17698	11.8333	75.5667	-2101654	0								4	Kottayam, Kerala, India	IN	IN13	17698	11.8333	75.5667	-2101654	20260315081500	https://economictimes.indiatimes.com/news/elections/assembly-elections/kerala/kerala-elections-2026-what-happened-in-the-last-polls-a-look-back-at-big-wins-losses-and-shocks-of-2021/articleshow/129585969.cms
1294308500	20260315	202603	2026	2026.2055	LEG	CONGRESS						LEG													1	110	110	11	3	-2.0	5	1	5	-0.20470829068577	2	Nevada, United States	US	USNV		38.4199	-117.122	NV	0								2	Nevada, United States	US	USNV		38.4199	-117.122	NV	20260315081500	https://www.bostonglobe.com/2026/03/15/opinion/era-28th-amendment-ratification-ginsburg/
1294308501	20260315	202603	2026	2026.2055	LEG	CONGRESS						LEG													0	120	120	12	3	-4.0	5	1	5	1.74291938997821	4	Alappuzha, Kerala, India	IN	IN13	70298	9.49417	76.3275	-2088519	0								4	Alappuzha, Kerala, India	IN	IN13	70298	9.49417	76.3275	-2088519	20260315081500	https://economictimes.indiatimes.com/news/elections/assembly-elections/kerala/kerala-elections-2026-what-happened-in-the-last-polls-a-look-back-at-big-wins-losses-and-shocks-of-2021/articleshow/129585969.cms
1294308502	20260315	202603	2026	2026.2055	LEG	DELEGATE						LEG			BUS	INVESTOR						BUS			1	030	030	03	1	4.0	5	1	5	4.71698113207547	4	West Midlands, United Kingdom (general), United Kingdom	UK	UK00	40136	52.5	-1.96667	-2611326	4	West Midlands, United Kingdom (general), United Kingdom	UK	UK00	40136	52.5	-1.96667	-2611326	4	West Midlands, United Kingdom (general), United Kingdom	UK	UK00	40136	52.5	-1.96667	-2611326	20260315081500	https://www.expressandstar.com/news/local-hubs/dudley/2026/03/15/delight-over-investment-showcase-aiming-to-improve-dudleys-fortunes-despite-disruption/
1294308503	20260315	202603	2026	2026.2055	LEG	DELEGATE						LEG			BUS	INVESTOR						BUS			1	051	051	05	1	3.4	5	1	5	4.71698113207547	4	West Midlands, United Kingdom (general), United Kingdom	UK	UK00	40136	52.5	-1.96667	-2611326	4	West Midlands, United Kingdom (general), United Kingdom	UK	UK00	40136	52.5	-1.96667	-2611326	4	West Midlands, United Kingdom (general), United Kingdom	UK	UK00	40136	52.5	-1.96667	-2611326	20260315081500	https://www.expressandstar.com/news/local-hubs/dudley/2026/03/15/delight-over-investment-showcase-aiming-to-improve-dudleys-fortunes-despite-disruption/
1294308504	20260315	202603	2026	2026.2055	LEG	DELEGATE						LEG			BUS	INVESTOR						BUS			1	071	071	07	2	7.4	5	1	5	4.71698113207547	4	West Midlands, United Kingdom (general), United Kingdom	UK	UK00	40136	52.5	-1.96667	-2611326	4	West Midlands, United Kingdom (general), United Kingdom	UK	UK00	40136	52.5	-1.96667	-2611326	4	West Midlands, United Kingdom (general), United Kingdom	UK	UK00	40136	52.5	-1.96667	-2611326	20260315081500	https://www.expressandstar.com/news/local-hubs/dudley/2026/03/15/delight-over-investment-showcase-aiming-to-improve-dudleys-fortunes-despite-disruption/
1294308505	20260315	202603	2026	2026.2055	LEGGOV	CONGRESS						LEG	GOV		OPP	SOCIAL REFORMER						OPP			1	017	017	01	1	0.0	4	1	4	0.26737967914438	4	New Delhi, Delhi, India	IN	IN07	17911	28.6	77.2	-2106102	4	New Delhi, Delhi, India	IN	IN07	17911	28.6	77.2	-2106102	4	New Delhi, Delhi, India	IN	IN07	17911	28.6	77.2	-2106102	20260315081500	http://www.bignewsnetwork.com/news/278923155/great-social-reformer-mallikarjun-kharge-pays-tribute-to-kanshi-ram-on-birth-anniversary
1294308506	20260315	202603	2026	2026.2055	MED	TELEVISION						MED													1	010	010	01	1	0.0	2	1	2	8.29596412556053	4	New Delhi, Delhi, India	IN	IN07	17911	28.6	77.2	-2106102	0								4	New Delhi, Delhi, India	IN	IN07	17911	28.6	77.2	-2106102	20260315081500	https://www.indiatvnews.com/entertainment/hollywood/oscars-2026-when-and-where-to-watch-in-india-nominees-presenters-host-and-everything-else-you-need-to-know-2026-03-15-1033826
1294308507	20260315	202603	2026	2026.2055	MED	MEDIA						MED													1	020	020	02	1	3.0	6	1	6	1.55210643015521	4	Chennai, Tamil Nadu, India	IN	IN25	70251	13.0833	80.2833	-2103041	0								4	Chennai, Tamil Nadu, India	IN	IN25	70251	13.0833	80.2833	-2103041	20260315081500	https://economictimes.indiatimes.com/news/elections/assembly-elections/tamil-nadu/tamil-nadu-polls-aiadmk-chief-palaniswami-rules-out-alliance-with-vijay-led-tvk/articleshow/129586095.cms
1294308508	20260315	202603	2026	2026.2055	MED	MEDIA						MED													1	020	020	02	1	3.0	4	1	4	1.55210643015521	5	Tamil Nadu, Tamil Nadu, India	IN	IN25	70248	11	78	-2112557	0								5	Tamil Nadu, Tamil Nadu, India	IN	IN25	70248	11	78	-2112557	20260315081500	https://economictimes.indiatimes.com/news/elections/assembly-elections/tamil-nadu/tamil-nadu-polls-aiadmk-chief-palaniswami-rules-out-alliance-with-vijay-led-tvk/articleshow/129586095.cms
1294308509	20260315	202603	2026	2026.2055	MED	NEWSPAPER						MED													0	020	020	02	1	3.0	10	1	10	-0.49362402303579	4	University Of The West Indies, Saint Andrew, Jamaica	JM	JM08	18425	18.001	-76.7409	-3754208	0								4	University Of The West Indies, Saint Andrew, Jamaica	JM	JM08	18425	18.001	-76.7409	-3754208	20260315081500	https://www.stabroeknews.com/2026/03/15/features/in-the-diaspora/in-the-diaspora-a-final-reflection/
1294308510	20260315	202603	2026	2026.2055	MED	MEDIA						MED			EDU	SCHOOL						EDU			1	040	040	04	1	1.0	10	1	10	-3.54535974973931	4	Nottingham, Nottingham, United Kingdom	UK	UKJ8	40126	52.9667	-1.16667	-2604469	4	Nottingham, Nottingham, United Kingdom	UK	UKJ8	40126	52.9667	-1.16667	-2604469	4	Nottingham, Nottingham, United Kingdom	UK	UKJ8	40126	52.9667	-1.16667	-2604469	20260315081500	https://www.nottinghampost.com/news/nottingham-news/even-kids-good-homes-now-10818204
1294308511	20260315	202603	2026	2026.2055	MED	MEDIA						MED			EDU	PUPIL						EDU			1	051	051	05	1	3.4	10	1	10	-3.54535974973931	4	Nottingham, Nottingham, United Kingdom	UK	UKJ8	40126	52.9667	-1.16667	-2604469	4	Nottingham, Nottingham, United Kingdom	UK	UKJ8	40126	52.9667	-1.16667	-2604469	4	Nottingham, Nottingham, United Kingdom	UK	UKJ8	40126	52.9667	-1.16667	-2604469	20260315081500	https://www.nottinghampost.com/news/nottingham-news/even-kids-good-homes-now-10818204
1294308512	20260315	202603	2026	2026.2055	MED	MEDIA						MED			GOV	PRESIDENT						GOV			0	090	090	09	2	-2.0	6	1	6	0.44943820224719	2	Maryland, United States	US	USMD		39.0724	-76.7902	MD	2	Maryland, United States	US	USMD		39.0724	-76.7902	MD	2	Maryland, United States	US	USMD		39.0724	-76.7902	MD	20260315081500	https://www.koreatimes.co.kr/foreignaffairs/20260315/korea-faces-dilemma-following-trumps-request-to-send-warships-to-hormuz
1294308513	20260315	202603	2026	2026.2055	MED	MEDIA						MED			KOR	SOUTH KOREA	KOR								0	090	090	09	2	-2.0	2	1	2	0.44943820224719	4	Seoul, Soul-t'ukpyolsi, South Korea	KS	KS11	24984	37.5664	127	-716583	4	Seoul, Soul-t'ukpyolsi, South Korea	KS	KS11	24984	37.5664	127	-716583	4	Seoul, Soul-t'ukpyolsi, South Korea	KS	KS11	24984	37.5664	127	-716583	20260315081500	https://www.koreatimes.co.kr/foreignaffairs/20260315/korea-faces-dilemma-following-trumps-request-to-send-warships-to-hormuz
1294308514	20260315	202603	2026	2026.2055	MED	MEDIA						MED			KORGOV	SOUTH KOREA	KOR					GOV			0	090	090	09	2	-2.0	2	1	2	0.44943820224719	4	Seoul, Soul-t'ukpyolsi, South Korea	KS	KS11	24984	37.5664	127	-716583	4	Seoul, Soul-t'ukpyolsi, South Korea	KS	KS11	24984	37.5664	127	-716583	4	Seoul, Soul-t'ukpyolsi, South Korea	KS	KS11	24984	37.5664	127	-716583	20260315081500	https://www.koreatimes.co.kr/foreignaffairs/20260315/korea-faces-dilemma-following-trumps-request-to-send-warships-to-hormuz
1294308515	20260315	202603	2026	2026.2055	MED	MEDIA						MED			LEG	LAWMAKER						LEG			1	051	051	05	1	3.4	2	1	2	-0.22271714922049	2	Texas, United States	US	USTX		31.106	-97.6475	TX	2	Texas, United States	US	USTX		31.106	-97.6475	TX	2	Texas, United States	US	USTX		31.106	-97.6475	TX	20260315081500	https://nbc16.com/news/nation-world/joe-manchin-deeply-disappointed-over-republican-senator-john-cornyns-filibuster-flip-save-america-act-primary-election-race-trump
1294308516	20260315	202603	2026	2026.2055	MED	MEDIA						MED			OPP	DETAINEE						OPP			1	073	073	07	2	7.4	1	1	1	-7.40740740740741	4	Jerusalem, Israel (general), Israel	IS	IS00	18315	31.7667	35.2333	-797092	4	Jerusalem, Israel (general), Israel	IS	IS00	18315	31.7667	35.2333	-797092	4	Beit Iksa, West Bank (general), West Bank	WE	WE00	18315	31.8173	35.1793	-793838	20260315081500	https://imemc.org/article/west-bank-occupation-forces-shoot-two-detonate-home-of-detainee/
1294308517	20260315	202603	2026	2026.2055	MED	MEDIA						MED			OPP	DETAINEE						OPP			1	073	073	07	2	7.4	2	1	2	-7.40740740740741	4	Jerusalem, Israel (general), Israel	IS	IS00	18315	31.7667	35.2333	-797092	4	Jerusalem, Israel (general), Israel	IS	IS00	18315	31.7667	35.2333	-797092	4	Tarqumiya, West Bank (general), West Bank	WE	WE00	18315	31.5755	35.0122	-796566	20260315081500	https://imemc.org/article/west-bank-occupation-forces-shoot-two-detonate-home-of-detainee/
1294308518	20260315	202603	2026	2026.2055	MED	MEDIA						MED			PSE	WEST BANK	PSE								1	073	073	07	2	7.4	1	1	1	-7.40740740740741	4	Jerusalem, Israel (general), Israel	IS	IS00	18315	31.7667	35.2333	-797092	4	Hebron, Israel (general), Israel	IS	IS00	18315	31.5333	35.1	-793097	4	Beit Iksa, West Bank (general), West Bank	WE	WE00	18315	31.8173	35.1793	-793838	20260315081500	https://imemc.org/article/west-bank-occupation-forces-shoot-two-detonate-home-of-detainee/
1294308519	20260315	202603	2026	2026.2055	MED	MEDIA						MED			PSE	WEST BANK	PSE								1	073	073	07	2	7.4	1	1	1	-7.40740740740741	4	Jerusalem, Israel (general), Israel	IS	IS00	18315	31.7667	35.2333	-797092	4	Beit Iksa, West Bank (general), West Bank	WE	WE00	18315	31.8173	35.1793	-793838	4	Beit Iksa, West Bank (general), West Bank	WE	WE00	18315	31.8173	35.1793	-793838	20260315081500	https://imemc.org/article/west-bank-occupation-forces-shoot-two-detonate-home-of-detainee/
1294308520	20260315	202603	2026	2026.2055	MED	MEDIA						MED			PSE	WEST BANK	PSE								1	073	073	07	2	7.4	3	1	3	-7.40740740740741	4	Jerusalem, Israel (general), Israel	IS	IS00	18315	31.7667	35.2333	-797092	4	Beit Iksa, West Bank (general), West Bank	WE	WE00	18315	31.8173	35.1793	-793838	4	Tarqumiya, West Bank (general), West Bank	WE	WE00	18315	31.5755	35.0122	-796566	20260315081500	https://imemc.org/article/west-bank-occupation-forces-shoot-two-detonate-home-of-detainee/
1294308521	20260315	202603	2026	2026.2055	MED	JOURNALIST						MED			USAMIL	AMERICAN	USA					MIL			0	130	130	13	3	-4.4	6	1	6	-6.25978090766823	4	Manama, Al Manamah, Bahrain	BA	BA02	25307	26.2361	50.5831	-784833	4	Manama, Al Manamah, Bahrain	BA	BA02	25307	26.2361	50.5831	-784833	4	Manama, Al Manamah, Bahrain	BA	BA02	25307	26.2361	50.5831	-784833	20260315081500	https://theasian.asia/archives/203874
1294308522	20260315	202603	2026	2026.2055	MIL	MILITARY						MIL													0	050	050	05	1	3.5	1	1	1	0.44943820224719	4	Gulf Of Oman, Iran (general), Iran	IR	IR00	40979	25.4489	57.7939	-3077385	0								4	Gulf Of Oman, Iran (general), Iran	IR	IR00	40979	25.4489	57.7939	-3077385	20260315081500	https://www.koreatimes.co.kr/foreignaffairs/20260315/korea-faces-dilemma-following-trumps-request-to-send-warships-to-hormuz
1294308523	20260315	202603	2026	2026.2055	MIL	MILITARY						MIL													0	050	050	05	1	3.5	1	1	1	0.44943820224719	4	Seoul, Soul-t'ukpyolsi, South Korea	KS	KS11	24984	37.5664	127	-716583	0								4	Seoul, Soul-t'ukpyolsi, South Korea	KS	KS11	24984	37.5664	127	-716583	20260315081500	https://www.koreatimes.co.kr/foreignaffairs/20260315/korea-faces-dilemma-following-trumps-request-to-send-warships-to-hormuz
1294308524	20260315	202603	2026	2026.2055	MIL	MILITARY						MIL													0	194	194	19	4	-10.0	5	1	3	-2.99792223211636	4	Kharg, Qinghai, China	CH	CH06	13209	37.2232	100.416	-1908197	0								4	Kharg, Qinghai, China	CH	CH06	13209	37.2232	100.416	-1908197	20260315081500	https://www.mirror.co.uk/news/world-news/iran-trump-mojtaba-khamenei-live-36843602
1294308525	20260315	202603	2026	2026.2055	MIL	MILITARY						MIL													0	194	194	19	4	-10.0	1	1	1	-2.99792223211636	4	Kharg, Qinghai, China	CH	CH06	13209	37.2232	100.416	-1908197	0								4	Mizan, Ardabil, Iran	IR	IR32	41035	38.365	47.3979	-3075230	20260315081500	https://www.mirror.co.uk/news/world-news/iran-trump-mojtaba-khamenei-live-36843602
1294308526	20260315	202603	2026	2026.2055	MIL	MILITARY						MIL													0	194	194	19	4	-10.0	1	1	1	-2.99792223211636	4	Mizan, Ardabil, Iran	IR	IR32	41035	38.365	47.3979	-3075230	0								4	Mizan, Ardabil, Iran	IR	IR32	41035	38.365	47.3979	-3075230	20260315081500	https://www.mirror.co.uk/news/world-news/iran-trump-mojtaba-khamenei-live-36843602
1294308527	20260315	202603	2026	2026.2055	MIL	MILITARY						MIL													0	194	194	19	4	-10.0	1	1	1	-2.99792223211636	2	Ohio, United States	US	USOH		40.3736	-82.7755	OH	0								2	Ohio, United States	US	USOH		40.3736	-82.7755	OH	20260315081500	https://www.mirror.co.uk/news/world-news/iran-trump-mojtaba-khamenei-live-36843602
1294308528	20260315	202603	2026	2026.2055	MIL	MILITARY						MIL			BHR	BAHRAIN	BHR								0	042	042	04	1	1.9	2	1	2	-3.93401015228427	4	Doha, Ad Daw?ah, Qatar	QA	QA01	25307	25.2867	51.5333	-785169	4	Doha, Ad Daw?ah, Qatar	QA	QA01	25307	25.2867	51.5333	-785169	4	Doha, Ad Daw?ah, Qatar	QA	QA01	25307	25.2867	51.5333	-785169	20260315081500	https://www.spotlightnepal.com/2026/03/15/nepali-middle-east-living-under-threat/
1294308529	20260315	202603	2026	2026.2055	MIL	MILITARY						MIL			BHR	BAHRAIN	BHR								0	042	042	04	1	1.9	8	1	8	-3.93401015228427	1	Iran	IR	IR		32	53	IR	4	Bahrain International Airport, Al Mu?arraq, Bahrain	BA	BA15	25307	26.2728	50.6264	-784886	4	Bahrain International Airport, Al Mu?arraq, Bahrain	BA	BA15	25307	26.2728	50.6264	-784886	20260315081500	https://www.spotlightnepal.com/2026/03/15/nepali-middle-east-living-under-threat/
1294308530	20260315	202603	2026	2026.2055	MIL	MILITARY						MIL			CHN	CHINA	CHN								0	194	194	19	4	-10.0	9	1	5	-2.99792223211636	4	Kharg, Qinghai, China	CH	CH06	13209	37.2232	100.416	-1908197	4	Kharg, Qinghai, China	CH	CH06	13209	37.2232	100.416	-1908197	4	Kharg, Qinghai, China	CH	CH06	13209	37.2232	100.416	-1908197	20260315081500	https://www.mirror.co.uk/news/world-news/iran-trump-mojtaba-khamenei-live-36843602
1294308531	20260315	202603	2026	2026.2055	MIL	MILITARY						MIL			CHN	CHINA	CHN								0	194	194	19	4	-10.0	1	1	1	-2.99792223211636	4	Kharg, Qinghai, China	CH	CH06	13209	37.2232	100.416	-1908197	4	Kharg, Qinghai, China	CH	CH06	13209	37.2232	100.416	-1908197	4	Mizan, Ardabil, Iran	IR	IR32	41035	38.365	47.3979	-3075230	20260315081500	https://www.mirror.co.uk/news/world-news/iran-trump-mojtaba-khamenei-live-36843602
1294308532	20260315	202603	2026	2026.2055	MIL	MILITARY						MIL			CHN	CHINA	CHN								0	194	194	19	4	-10.0	1	1	1	-2.99792223211636	4	Mizan, Ardabil, Iran	IR	IR32	41035	38.365	47.3979	-3075230	4	Mizan, Ardabil, Iran	IR	IR32	41035	38.365	47.3979	-3075230	4	Mizan, Ardabil, Iran	IR	IR32	41035	38.365	47.3979	-3075230	20260315081500	https://www.mirror.co.uk/news/world-news/iran-trump-mojtaba-khamenei-live-36843602
1294308533	20260315	202603	2026	2026.2055	MIL	MILITARY						MIL			CHN	CHINA	CHN								0	194	194	19	4	-10.0	1	1	1	-2.99792223211636	2	Ohio, United States	US	USOH		40.3736	-82.7755	OH	1	Israel	IS	IS		31.5	34.75	IS	2	Ohio, United States	US	USOH		40.3736	-82.7755	OH	20260315081500	https://www.mirror.co.uk/news/world-news/iran-trump-mojtaba-khamenei-live-36843602
1294308534	20260315	202603	2026	2026.2055	MIL	ARMY						MIL			CVL	CITIZEN						CVL			0	193	193	19	4	-10.0	3	1	3	-7.40740740740741	4	Beit Iksa, West Bank (general), West Bank	WE	WE00	18315	31.8173	35.1793	-793838	4	Beit Iksa, West Bank (general), West Bank	WE	WE00	18315	31.8173	35.1793	-793838	4	Beit Iksa, West Bank (general), West Bank	WE	WE00	18315	31.8173	35.1793	-793838	20260315081500	https://imemc.org/article/west-bank-occupation-forces-shoot-two-detonate-home-of-detainee/
1294308535	20260315	202603	2026	2026.2055	MIL	ARMY						MIL			CVL	CITIZEN						CVL			0	193	193	19	4	-10.0	1	1	1	-7.40740740740741	4	Tarqumiya, West Bank (general), West Bank	WE	WE00	18315	31.5755	35.0122	-796566	4	Beit Iksa, West Bank (general), West Bank	WE	WE00	18315	31.8173	35.1793	-793838	4	Beit Iksa, West Bank (general), West Bank	WE	WE00	18315	31.8173	35.1793	-793838	20260315081500	https://imemc.org/article/west-bank-occupation-forces-shoot-two-detonate-home-of-detainee/
1294308536	20260315	202603	2026	2026.2055	MIL	ARMY						MIL			CVL	CITIZEN						CVL			0	193	193	19	4	-10.0	1	1	1	-7.40740740740741	4	Tarqumiya, West Bank (general), West Bank	WE	WE00	18315	31.5755	35.0122	-796566	4	Tarqumiya, West Bank (general), West Bank	WE	WE00	18315	31.5755	35.0122	-796566	4	Tarqumiya, West Bank (general), West Bank	WE	WE00	18315	31.5755	35.0122	-796566	20260315081500	https://imemc.org/article/west-bank-occupation-forces-shoot-two-detonate-home-of-detainee/
1294308537	20260315	202603	2026	2026.2055	MIL	ARMY						MIL			CVL	CITIZEN						CVL			1	193	193	19	4	-10.0	2	1	2	-7.40740740740741	4	Jerusalem, Israel (general), Israel	IS	IS00	18315	31.7667	35.2333	-797092	4	Nablus, West Bank (general), West Bank	WE	WE00	32684	32.2199	35.2636	-795575	4	Jerusalem, Israel (general), Israel	IS	IS00	18315	31.7667	35.2333	-797092	20260315081500	https://imemc.org/article/west-bank-occupation-forces-shoot-two-detonate-home-of-detainee/
1294308538	20260315	202603	2026	2026.2055	MIL	MILITARY						MIL			IRN	IRAN	IRN								1	112	112	11	3	-2.0	2	1	2	-15.8536585365854	1	Iran	IR	IR		32	53	IR	1	Iran	IR	IR		32	53	IR	1	Iran	IR	IR		32	53	IR	20260315081500	https://www.middleeasteye.net/live-blog/live-blog-update/iran-arrests-20-accused-sending-military-locations-israel
1294308539	20260315	202603	2026	2026.2055	MIL	MILITARY						MIL			IRN	IRAN	IRN								1	112	112	11	3	-2.0	8	1	8	-15.8536585365854	1	Israel	IS	IS		31.5	34.75	IS	1	Iran	IR	IR		32	53	IR	1	Iran	IR	IR		32	53	IR	20260315081500	https://www.middleeasteye.net/live-blog/live-blog-update/iran-arrests-20-accused-sending-military-locations-israel
1294308540	20260315	202603	2026	2026.2055	MIL	MILITARY						MIL			IRN	IRAN	IRN								1	173	173	17	4	-5.0	10	1	10	-15.8536585365854	1	Israel	IS	IS		31.5	34.75	IS	1	Israel	IS	IS		31.5	34.75	IS	1	Israel	IS	IS		31.5	34.75	IS	20260315081500	https://www.middleeasteye.net/live-blog/live-blog-update/iran-arrests-20-accused-sending-military-locations-israel
1294308541	20260315	202603	2026	2026.2055	MIL	MILITARY						MIL			ISR	ISRAEL	ISR								0	060	060	06	2	6.0	1	1	1	-7.04845814977974	4	Tehran, Tehran, Iran	IR	IR26	41130	35.75	51.5148	10074674	1	Israel	IS	IS		31.5	34.75	IS	4	Tehran, Tehran, Iran	IR	IR26	41130	35.75	51.5148	10074674	20260315081500	https://www.dailyexcelsior.com/uae-reports-new-missile-attack-day-after-iran-warns-3-major-ports-to-evacuate/
1294308542	20260315	202603	2026	2026.2055	MIL	MILITARY						MIL			ISR	ISRAEL	ISR								1	072	072	07	2	8.3	2	1	2	-15.8536585365854	1	Iran	IR	IR		32	53	IR	1	Israel	IS	IS		31.5	34.75	IS	1	Iran	IR	IR		32	53	IR	20260315081500	https://www.middleeasteye.net/live-blog/live-blog-update/iran-arrests-20-accused-sending-military-locations-israel
1294308543	20260315	202603	2026	2026.2055	MIL	MILITARY						MIL			ISR	ISRAEL	ISR								1	072	072	07	2	8.3	8	1	8	-15.8536585365854	1	Israel	IS	IS		31.5	34.75	IS	1	Israel	IS	IS		31.5	34.75	IS	1	Iran	IR	IR		32	53	IR	20260315081500	https://www.middleeasteye.net/live-blog/live-blog-update/iran-arrests-20-accused-sending-military-locations-israel
1294308544	20260315	202603	2026	2026.2055	MIL	MILITARY						MIL			ISR	ISRAEL	ISR								0	130	130	13	3	-4.4	1	1	1	-7.04845814977974	4	Tehran, Tehran, Iran	IR	IR26	41130	35.75	51.5148	10074674	1	Israel	IS	IS		31.5	34.75	IS	4	Tehran, Tehran, Iran	IR	IR26	41130	35.75	51.5148	10074674	20260315081500	https://www.dailyexcelsior.com/uae-reports-new-missile-attack-day-after-iran-warns-3-major-ports-to-evacuate/
1294308545	20260315	202603	2026	2026.2055	MIL	ARMY						MIL			ISR	JERUSALEM	ISR								0	180	180	18	4	-9.0	1	1	1	-7.40740740740741	4	Beit Iksa, West Bank (general), West Bank	WE	WE00	18315	31.8173	35.1793	-793838	4	Jerusalem, Israel (general), Israel	IS	IS00	18315	31.7667	35.2333	-797092	4	Beit Iksa, West Bank (general), West Bank	WE	WE00	18315	31.8173	35.1793	-793838	20260315081500	https://imemc.org/article/west-bank-occupation-forces-shoot-two-detonate-home-of-detainee/
1294308546	20260315	202603	2026	2026.2055	MIL	ARMY						MIL			ISR	JERUSALEM	ISR								1	180	180	18	4	-9.0	2	1	2	-7.40740740740741	4	Tarqumiya, West Bank (general), West Bank	WE	WE00	18315	31.5755	35.0122	-796566	4	Jerusalem, Israel (general), Israel	IS	IS00	18315	31.7667	35.2333	-797092	4	Beit Iksa, West Bank (general), West Bank	WE	WE00	18315	31.8173	35.1793	-793838	20260315081500	https://imemc.org/article/west-bank-occupation-forces-shoot-two-detonate-home-of-detainee/
1294308547	20260315	202603	2026	2026.2055	MIL	ARMY						MIL			PSEMIL	WEST BANK	PSE					MIL			0	180	180	18	4	-9.0	2	1	2	-7.40740740740741	4	Beit Iksa, West Bank (general), West Bank	WE	WE00	18315	31.8173	35.1793	-793838	4	Beit Iksa, West Bank (general), West Bank	WE	WE00	18315	31.8173	35.1793	-793838	4	Beit Iksa, West Bank (general), West Bank	WE	WE00	18315	31.8173	35.1793	-793838	20260315081500	https://imemc.org/article/west-bank-occupation-forces-shoot-two-detonate-home-of-detainee/
1294308548	20260315	202603	2026	2026.2055	MIL	ARMY						MIL			PSEMIL	WEST BANK	PSE					MIL			0	180	180	18	4	-9.0	2	1	2	-7.40740740740741	4	Tarqumiya, West Bank (general), West Bank	WE	WE00	18315	31.5755	35.0122	-796566	4	Beit Iksa, West Bank (general), West Bank	WE	WE00	18315	31.8173	35.1793	-793838	4	Beit Iksa, West Bank (general), West Bank	WE	WE00	18315	31.8173	35.1793	-793838	20260315081500	https://imemc.org/article/west-bank-occupation-forces-shoot-two-detonate-home-of-detainee/
1294308549	20260315	202603	2026	2026.2055	MIL	COMMANDER						MIL			SPY	INTELLIGENCE						SPY			1	014	014	01	1	0.0	2	1	2	-6.06060606060606	1	Azerbaijan	AJ	AJ		40.5	47.5	AJ	1	Azerbaijan	AJ	AJ		40.5	47.5	AJ	1	Azerbaijan	AJ	AJ		40.5	47.5	AJ	20260315081500	https://www.middleeasteye.net/live-blog/live-blog-update/iran-army-says-separatist-plots-failed-sunnis-defended-territory
1294308550	20260315	202603	2026	2026.2055	MIL	COMMANDER						MIL			SPY	INTELLIGENCE						SPY			1	014	014	01	1	0.0	8	1	8	-6.06060606060606	1	Azerbaijan	AJ	AJ		40.5	47.5	AJ	1	Iran	IR	IR		32	53	IR	1	Azerbaijan	AJ	AJ		40.5	47.5	AJ	20260315081500	https://www.middleeasteye.net/live-blog/live-blog-update/iran-army-says-separatist-plots-failed-sunnis-defended-territory
1294308551	20260315	202603	2026	2026.2055	MIL	WARSHIP						MIL			YEM	ADEN	YEM								0	154	154	15	4	-7.2	2	1	2	0.44943820224719	3	Washington, District of Columbia, United States	US	USDC	DC001	38.8951	-77.0364	531871	4	Seoul, Soul-t'ukpyolsi, South Korea	KS	KS11	24984	37.5664	127	-716583	3	Washington, District of Columbia, United States	US	USDC	DC001	38.8951	-77.0364	531871	20260315081500	https://www.koreatimes.co.kr/foreignaffairs/20260315/korea-faces-dilemma-following-trumps-request-to-send-warships-to-hormuz
1294308552	20260315	202603	2026	2026.2055	MIL	WARSHIP						MIL			YEM	ADEN	YEM								0	154	154	15	4	-7.2	6	1	6	0.44943820224719	3	Washington, District of Columbia, United States	US	USDC	DC001	38.8951	-77.0364	531871	1	Yemen	YM	YM		15.5	47.5	YM	4	Seoul, Soul-t'ukpyolsi, South Korea	KS	KS11	24984	37.5664	127	-716583	20260315081500	https://www.koreatimes.co.kr/foreignaffairs/20260315/korea-faces-dilemma-following-trumps-request-to-send-warships-to-hormuz
1294308553	20260315	202603	2026	2026.2055	MIL	WARSHIP						MIL			YEM	ADEN	YEM								0	154	154	15	4	-7.2	2	1	2	0.44943820224719	3	Washington, District of Columbia, United States	US	USDC	DC001	38.8951	-77.0364	531871	1	Yemen	YM	YM		15.5	47.5	YM	3	Washington, District of Columbia, United States	US	USDC	DC001	38.8951	-77.0364	531871	20260315081500	https://www.koreatimes.co.kr/foreignaffairs/20260315/korea-faces-dilemma-following-trumps-request-to-send-warships-to-hormuz
1294308554	20260315	202603	2026	2026.2055	MNCKOR	HYUNDAI	KOR					MNC			BUS	INDUSTRY						BUS			0	030	030	03	1	4.0	10	1	10	4.10256410256411	4	Gunsan, Cholla-bukto, South Korea	KS	KS03	24976	35.9786	126.711	-710370	4	Gunsan, Cholla-bukto, South Korea	KS	KS03	24976	35.9786	126.711	-710370	4	Gunsan, Cholla-bukto, South Korea	KS	KS03	24976	35.9786	126.711	-710370	20260315081500	https://www.koreatimes.co.kr/business/companies/20260315/sale-of-hd-hyundais-gunsan-dockyard-gives-boost-to-masga
1294308555	20260315	202603	2026	2026.2055	MNCMED	ACCO BRANDS CORPORATION						MNC	MED												0	111	111	11	3	-2.0	10	1	10	1.1454753722795	2	Illinois, United States	US	USIL		40.3363	-89.0022	IL	0								2	Illinois, United States	US	USIL		40.3363	-89.0022	IL	20260315081500	https://www.dailypolitical.com/2026/03/15/acco-brands-nyseacco-downgraded-by-wall-street-zen-to-hold.html
1294308556	20260315	202603	2026	2026.2055	MNCUSA	ILLINOIS TOOL WORKS	USA					MNC													0	010	010	01	1	0.0	12	1	12	1.04262700503438	2	Illinois, United States	US	USIL		40.3363	-89.0022	IL	0								2	Illinois, United States	US	USIL		40.3363	-89.0022	IL	20260315081500	https://www.dailypolitical.com/2026/03/15/illinois-tool-works-inc-itw-shares-sold-by-aristotle-capital-management-llc.html
1294308557	20260315	202603	2026	2026.2055	MNCUSA	ARTHUR J. GALLAGHER	USA					MNC													1	045	045	04	1	5.0	5	1	5	0.994035785288271	2	Illinois, United States	US	USIL		40.3363	-89.0022	IL	0								2	Illinois, United States	US	USIL		40.3363	-89.0022	IL	20260315081500	https://www.dailypolitical.com/2026/03/15/arthur-j-gallagher-co-nyseajg-given-average-recommendation-of-hold-by-analysts.html
1294308558	20260315	202603	2026	2026.2055	MNCUSA	ILLINOIS TOOL WORKS	USA					MNC													1	071	071	07	2	7.4	2	1	2	1.28558310376492	2	Illinois, United States	US	USIL		40.3363	-89.0022	IL	0								2	Illinois, United States	US	USIL		40.3363	-89.0022	IL	20260315081500	https://www.dailypolitical.com/2026/03/15/illinois-tool-works-inc-itw-shares-sold-by-aristotle-capital-management-llc.html
1294308559	20260315	202603	2026	2026.2055	MNCUSA	BANK OF AMERICA	USA					MNC			CHN	CHINA	CHN								1	014	014	01	1	0.0	4	1	4	-2.74170274170274	4	Yingtan, Gansu, China	CH	CH15	13208	35.5735	102.971	10733005	4	Yingtan, Gansu, China	CH	CH15	13208	35.5735	102.971	10733005	4	Yingtan, Gansu, China	CH	CH15	13208	35.5735	102.971	10733005	20260315081500	https://www.koreatimes.co.kr/economy/20260315/can-ai-save-aging-east-asian-economies
1294308560	20260315	202603	2026	2026.2055	MNCUSA	BANK OF AMERICA	USA					MNC			CHN	CHINA	CHN								1	014	014	01	1	0.0	4	1	4	-2.74170274170274	1	South Korea	KS	KS		37	127.5	KS	1	South Korea	KS	KS		37	127.5	KS	1	South Korea	KS	KS		37	127.5	KS	20260315081500	https://www.koreatimes.co.kr/economy/20260315/can-ai-save-aging-east-asian-economies
1294308561	20260315	202603	2026	2026.2055	MNCUSA	BANK OF AMERICA	USA					MNC			JPN	JAPAN	JPN								1	014	014	01	1	0.0	2	1	2	-2.74170274170274	4	Hebei, Jilin, China	CH	CH05	13176	43.0999	129.768	10869701	1	Japan	JA	JA		36	138	JA	4	Hebei, Jilin, China	CH	CH05	13176	43.0999	129.768	10869701	20260315081500	https://www.koreatimes.co.kr/economy/20260315/can-ai-save-aging-east-asian-economies
1294308562	20260315	202603	2026	2026.2055	MNCUSA	BANK OF AMERICA	USA					MNC			JPN	JAPAN	JPN								1	014	014	01	1	0.0	2	1	2	-2.74170274170274	4	Hebei, Jilin, China	CH	CH05	13176	43.0999	129.768	10869701	1	South Korea	KS	KS		37	127.5	KS	4	Hebei, Jilin, China	CH	CH05	13176	43.0999	129.768	10869701	20260315081500	https://www.koreatimes.co.kr/economy/20260315/can-ai-save-aging-east-asian-economies
1294308563	20260315	202603	2026	2026.2055	MNCUSA	BANK OF AMERICA	USA					MNC			KOR	SOUTH KOREA	KOR								1	014	014	01	1	0.0	2	1	2	-2.74170274170274	4	Hebei, Jilin, China	CH	CH05	13176	43.0999	129.768	10869701	4	Hebei, Jilin, China	CH	CH05	13176	43.0999	129.768	10869701	4	Hebei, Jilin, China	CH	CH05	13176	43.0999	129.768	10869701	20260315081500	https://www.koreatimes.co.kr/economy/20260315/can-ai-save-aging-east-asian-economies
1294308564	20260315	202603	2026	2026.2055	MNCUSA	BANK OF AMERICA	USA					MNC			KOR	SOUTH KOREA	KOR								1	014	014	01	1	0.0	2	1	2	-2.74170274170274	4	Hebei, Jilin, China	CH	CH05	13176	43.0999	129.768	10869701	1	South Korea	KS	KS		37	127.5	KS	4	Hebei, Jilin, China	CH	CH05	13176	43.0999	129.768	10869701	20260315081500	https://www.koreatimes.co.kr/economy/20260315/can-ai-save-aging-east-asian-economies
1294308565	20260315	202603	2026	2026.2055	NGOUSAJEW	AMIT	USA			JEW		NGO			IND	ASSAM	IND								1	042	042	04	1	1.9	6	1	6	-1.51133501259445	4	Abhayapuri, Assam, India	IN	IN03	70086	26.3333	90.6667	-2088096	4	Abhayapuri, Assam, India	IN	IN03	70086	26.3333	90.6667	-2088096	4	Abhayapuri, Assam, India	IN	IN03	70086	26.3333	90.6667	-2088096	20260315081500	https://www.dailyexcelsior.com/cong-pocketed-rs-150-cr-per-annum-from-assam-healthcare-budget-during-15-yrs-of-rule-shah/
1294308566	20260315	202603	2026	2026.2055	NGOUSAJEW	AMIT	USA			JEW		NGO			IND	ASSAM	IND								1	042	042	04	1	1.9	2	1	2	-1.51133501259445	4	Guwahati, Assam, India	IN	IN03	17583	26.1833	91.7333	-2096059	4	Guwahati, Assam, India	IN	IN03	17583	26.1833	91.7333	-2096059	4	Guwahati, Assam, India	IN	IN03	17583	26.1833	91.7333	-2096059	20260315081500	https://www.dailyexcelsior.com/cong-pocketed-rs-150-cr-per-annum-from-assam-healthcare-budget-during-15-yrs-of-rule-shah/
1294308567	20260315	202603	2026	2026.2055	NPL	NEPAL	NPL																		1	100	100	10	3	-5.0	6	1	6	1.40515222482435	4	Dhanusha, Nepal (general), Nepal	NP	NP00	22352	26.8333	86.0833	-1021904	0								4	Dhanusha, Nepal (general), Nepal	NP	NP00	22352	26.8333	86.0833	-1021904	20260315081500	https://www.spotlightnepal.com/2026/03/15/new-government-will-form-last-week-march/
1294308568	20260315	202603	2026	2026.2055	NPL	GORKHA	NPL								CVL	NATIONALS						CVL			1	042	042	04	1	1.9	1	1	1	-5.75916230366492	4	Gorkha, Haryana, India	IN	IN10	17831	30.1442	76.7181	10448030	4	Gorkha, Haryana, India	IN	IN10	17831	30.1442	76.7181	10448030	4	Gorkha, Haryana, India	IN	IN10	17831	30.1442	76.7181	10448030	20260315081500	https://www.dailyexcelsior.com/bus-carrying-indian-pilgrims-plunges-down-slope-killing-seven/
1294308569	20260315	202603	2026	2026.2055	NPL	GORKHA	NPL								REL	PILGRIM									1	043	043	04	1	2.8	2	1	2	-5.75916230366492	4	Gorkha, Haryana, India	IN	IN10	17831	30.1442	76.7181	10448030	5	Gandaki, Gandaki, Nepal	NP	NP04	22363	28.3333	84.3833	-1021959	5	Gandaki, Gandaki, Nepal	NP	NP04	22363	28.3333	84.3833	-1021959	20260315081500	https://www.dailyexcelsior.com/bus-carrying-indian-pilgrims-plunges-down-slope-killing-seven/
1294308570	20260315	202603	2026	2026.2055	NPL	GORKHA	NPL								REL	PILGRIM									1	043	043	04	1	2.8	4	1	4	-5.75916230366492	4	Gorkha, Haryana, India	IN	IN10	17831	30.1442	76.7181	10448030	4	Gorkha, Haryana, India	IN	IN10	17831	30.1442	76.7181	10448030	4	Gorkha, Haryana, India	IN	IN10	17831	30.1442	76.7181	10448030	20260315081500	https://www.dailyexcelsior.com/bus-carrying-indian-pilgrims-plunges-down-slope-killing-seven/
1294308571	20260315	202603	2026	2026.2055	NPLGOV	KATHMANDU	NPL					GOV													0	090	090	09	2	-2.0	6	1	6	-3.93401015228427	4	Kathmandu, Bagmati, Nepal	NP	NP01	22353	27.7167	85.3167	-1022136	0								4	Kathmandu, Bagmati, Nepal	NP	NP01	22353	27.7167	85.3167	-1022136	20260315081500	https://www.spotlightnepal.com/2026/03/15/nepali-middle-east-living-under-threat/
1294308572	20260315	202603	2026	2026.2055	NPLGOV	KATHMANDU	NPL					GOV			NPL	NEPAL	NPL								0	090	090	09	2	-2.0	4	1	4	-3.93401015228427	4	Kathmandu, Bagmati, Nepal	NP	NP01	22353	27.7167	85.3167	-1022136	4	Kathmandu, Bagmati, Nepal	NP	NP01	22353	27.7167	85.3167	-1022136	4	Kathmandu, Bagmati, Nepal	NP	NP01	22353	27.7167	85.3167	-1022136	20260315081500	https://www.spotlightnepal.com/2026/03/15/nepali-middle-east-living-under-threat/
1294308573	20260315	202603	2026	2026.2055	NPLGOV	NEPAL	NPL					GOV			nep	NEPALI			nep						0	018	018	01	1	3.4	8	1	8	-3.93401015228427	4	Gorkha, Nepal (general), Nepal	NP	NP00	22363	28.0024	84.6201	-1021991	4	Abu Dhabi, Abu Z¸aby, United Arab Emirates	AE	AE01	28568	24.4667	54.3667	-782066	4	Gorkha, Nepal (general), Nepal	NP	NP00	22363	28.0024	84.6201	-1021991	20260315081500	https://www.spotlightnepal.com/2026/03/15/nepali-middle-east-living-under-threat/
1294308574	20260315	202603	2026	2026.2055	NPLGOV	NEPAL	NPL					GOV			nep	NEPALI			nep						0	018	018	01	1	3.4	2	1	2	-3.93401015228427	4	Gorkha, Nepal (general), Nepal	NP	NP00	22363	28.0024	84.6201	-1021991	4	Ministry Of Foreign Affairs, Masqat, Oman	MU	MU06	23611	23.6165	58.4691	11318952	4	Ministry Of Foreign Affairs, Masqat, Oman	MU	MU06	23611	23.6165	58.4691	11318952	20260315081500	https://www.spotlightnepal.com/2026/03/15/nepali-middle-east-living-under-threat/
1294308575	20260315	202603	2026	2026.2055	OMN	OMAN	OMN																		0	195	195	19	4	-10.0	2	1	2	-3.93401015228427	4	Doha, Ad Daw?ah, Qatar	QA	QA01	25307	25.2867	51.5333	-785169	0								4	Doha, Ad Daw?ah, Qatar	QA	QA01	25307	25.2867	51.5333	-785169	20260315081500	https://www.spotlightnepal.com/2026/03/15/nepali-middle-east-living-under-threat/
1294308576	20260315	202603	2026	2026.2055	OMN	OMAN	OMN																		0	195	195	19	4	-10.0	8	1	8	-3.93401015228427	4	Ministry Of Foreign Affairs, Masqat, Oman	MU	MU06	23611	23.6165	58.4691	11318952	0								4	Ministry Of Foreign Affairs, Masqat, Oman	MU	MU06	23611	23.6165	58.4691	11318952	20260315081500	https://www.spotlightnepal.com/2026/03/15/nepali-middle-east-living-under-threat/
1294308577	20260315	202603	2026	2026.2055	OPP	MAIN OPPOSITION						OPP													0	020	020	02	1	3.0	10	1	10	-1.8018018018018	1	China	CH	CH		35	105	CH	0								1	China	CH	CH		35	105	CH	20260315081500	https://www.koreatimes.co.kr/southkorea/society/20260315/foreign-voting-rights-debate-resurfaces-ahead-of-june-3-local-elections
1294308578	20260315	202603	2026	2026.2055	OPP	DETAINEE						OPP													1	180	180	18	4	-9.0	5	1	5	-7.40740740740741	4	Hebron, Israel (general), Israel	IS	IS00	18315	31.5333	35.1	-793097	0								4	Hebron, Israel (general), Israel	IS	IS00	18315	31.5333	35.1	-793097	20260315081500	https://imemc.org/article/west-bank-occupation-forces-shoot-two-detonate-home-of-detainee/
1294308579	20260315	202603	2026	2026.2055	OPP	DETAINEE						OPP			MED	NEWS AGENCY						MED			1	010	010	01	1	0.0	6	1	6	-7.40740740740741	4	Hebron, Israel (general), Israel	IS	IS00	18315	31.5333	35.1	-793097	4	Hebron, Israel (general), Israel	IS	IS00	18315	31.5333	35.1	-793097	4	Hebron, Israel (general), Israel	IS	IS00	18315	31.5333	35.1	-793097	20260315081500	https://imemc.org/article/west-bank-occupation-forces-shoot-two-detonate-home-of-detainee/
1294308580	20260315	202603	2026	2026.2055	OPP	DETAINEE						OPP			MIL	ARMY						MIL			1	174	174	17	4	-5.0	10	1	10	-7.40740740740741	4	Hebron, Israel (general), Israel	IS	IS00	18315	31.5333	35.1	-793097	4	Hebron, Israel (general), Israel	IS	IS00	18315	31.5333	35.1	-793097	4	Hebron, Israel (general), Israel	IS	IS00	18315	31.5333	35.1	-793097	20260315081500	https://imemc.org/article/west-bank-occupation-forces-shoot-two-detonate-home-of-detainee/
1294308581	20260315	202603	2026	2026.2055	PHL	PHILIPPINE	PHL																		0	036	036	03	1	4.0	2	1	2	2.12201591511937	4	Philippine, Benguet, Philippines	RP	RP10	24213	16.45	120.55	-2445611	0								4	Philippine, Benguet, Philippines	RP	RP10	24213	16.45	120.55	-2445611	20260315081500	https://mb.com.ph/2026/03/15/title
1294308582	20260315	202603	2026	2026.2055	PHL	PHILIPPINE	PHL								BHR	BAHRAIN	BHR								1	043	043	04	1	2.8	1	1	1	-4.88888888888889	4	Ninoy Aquino International Airport, Pasay, Philippines	RP	RPE9	24210	14.505	121.005	10585004	1	Bahrain	BA	BA		26	50.5	BA	4	Ninoy Aquino International Airport, Pasay, Philippines	RP	RPE9	24210	14.505	121.005	10585004	20260315081500	https://www.philstar.com/headlines/2026/03/15/2514510/pinoys-arrive-philippines-qatar-saudi-arabia-amid-middle-east-tensions-dmw
1294308583	20260315	202603	2026	2026.2055	PHL	PHILIPPINE	PHL								BHR	BAHRAIN	BHR								1	043	043	04	1	2.8	2	1	2	-4.88888888888889	4	Ninoy Aquino International Airport, Pasay, Philippines	RP	RPE9	24210	14.505	121.005	10585004	1	Bahrain	BA	BA		26	50.5	BA	1	Saudi Arabia	SA	SA		25	45	SA	20260315081500	https://www.philstar.com/headlines/2026/03/15/2514510/pinoys-arrive-philippines-qatar-saudi-arabia-amid-middle-east-tensions-dmw
1294308584	20260315	202603	2026	2026.2055	PHL	PHILIPPINE	PHL								BHR	BAHRAIN	BHR								1	043	043	04	1	2.8	1	1	1	-4.88888888888889	4	Ninoy Aquino International Airport, Pasay, Philippines	RP	RPE9	24210	14.505	121.005	10585004	1	Saudi Arabia	SA	SA		25	45	SA	4	Ninoy Aquino International Airport, Pasay, Philippines	RP	RPE9	24210	14.505	121.005	10585004	20260315081500	https://www.philstar.com/headlines/2026/03/15/2514510/pinoys-arrive-philippines-qatar-saudi-arabia-amid-middle-east-tensions-dmw
1294308585	20260315	202603	2026	2026.2055	PHL	PHILIPPINE	PHL								PHLBUS	PHILIPPINE	PHL					BUS			1	043	043	04	1	2.8	4	1	4	2.12201591511937	4	Philippine, Benguet, Philippines	RP	RP10	24213	16.45	120.55	-2445611	4	Philippine, Benguet, Philippines	RP	RP10	24213	16.45	120.55	-2445611	4	Philippine, Benguet, Philippines	RP	RP10	24213	16.45	120.55	-2445611	20260315081500	https://mb.com.ph/2026/03/15/title
1294308586	20260315	202603	2026	2026.2055	PHL	PHILIPPINE	PHL								PHLLAB	FILIPINO	PHL					LAB			1	043	043	04	1	2.8	5	1	5	-4.88888888888889	4	Manila, Manila, Philippines	RP	RPD9	24210	14.6042	120.982	-2437894	4	Manila, Manila, Philippines	RP	RPD9	24210	14.6042	120.982	-2437894	4	Tehran, Tehran, Iran	IR	IR26	41130	35.75	51.5148	10074674	20260315081500	https://www.philstar.com/headlines/2026/03/15/2514510/pinoys-arrive-philippines-qatar-saudi-arabia-amid-middle-east-tensions-dmw
1294308587	20260315	202603	2026	2026.2055	PHL	PHILIPPINE	PHL								QAT	QATAR	QAT								1	043	043	04	1	2.8	2	1	2	-4.88888888888889	4	Manila, Manila, Philippines	RP	RPD9	24210	14.6042	120.982	-2437894	4	Manila, Manila, Philippines	RP	RPD9	24210	14.6042	120.982	-2437894	4	Manila, Manila, Philippines	RP	RPD9	24210	14.6042	120.982	-2437894	20260315081500	https://www.philstar.com/headlines/2026/03/15/2514510/pinoys-arrive-philippines-qatar-saudi-arabia-amid-middle-east-tensions-dmw
1294308588	20260315	202603	2026	2026.2055	PHL	PHILIPPINE	PHL								QAT	QATAR	QAT								1	043	043	04	1	2.8	8	1	8	-4.88888888888889	4	Manila, Manila, Philippines	RP	RPD9	24210	14.6042	120.982	-2437894	1	Qatar	QA	QA		25.5	51.25	QA	4	Manila, Manila, Philippines	RP	RPD9	24210	14.6042	120.982	-2437894	20260315081500	https://www.philstar.com/headlines/2026/03/15/2514510/pinoys-arrive-philippines-qatar-saudi-arabia-amid-middle-east-tensions-dmw
1294308589	20260315	202603	2026	2026.2055	PHL	PHILIPPINE	PHL								SAU	SAUDI ARABIA	SAU								1	043	043	04	1	2.8	2	1	2	-4.88888888888889	4	Ninoy Aquino International Airport, Pasay, Philippines	RP	RPE9	24210	14.505	121.005	10585004	1	Saudi Arabia	SA	SA		25	45	SA	4	Ninoy Aquino International Airport, Pasay, Philippines	RP	RPE9	24210	14.505	121.005	10585004	20260315081500	https://www.philstar.com/headlines/2026/03/15/2514510/pinoys-arrive-philippines-qatar-saudi-arabia-amid-middle-east-tensions-dmw
1294308590	20260315	202603	2026	2026.2055	PHL	PHILIPPINE	PHL								SAU	SAUDI ARABIA	SAU								1	043	043	04	1	2.8	2	1	2	-4.88888888888889	4	Ninoy Aquino International Airport, Pasay, Philippines	RP	RPE9	24210	14.505	121.005	10585004	1	Saudi Arabia	SA	SA		25	45	SA	1	Saudi Arabia	SA	SA		25	45	SA	20260315081500	https://www.philstar.com/headlines/2026/03/15/2514510/pinoys-arrive-philippines-qatar-saudi-arabia-amid-middle-east-tensions-dmw
1294308591	20260315	202603	2026	2026.2055	PHLBUS	PHILIPPINE	PHL					BUS			LAB	WORKER						LAB			1	043	043	04	1	2.8	6	1	6	2.12201591511937	4	Philippine, Benguet, Philippines	RP	RP10	24213	16.45	120.55	-2445611	4	Philippine, Benguet, Philippines	RP	RP10	24213	16.45	120.55	-2445611	4	Philippine, Benguet, Philippines	RP	RP10	24213	16.45	120.55	-2445611	20260315081500	https://mb.com.ph/2026/03/15/title
1294308592	20260315	202603	2026	2026.2055	PHLBUS	PHILIPPINE	PHL					BUS			PHL	PHILIPPINE	PHL								1	042	042	04	1	1.9	4	1	4	2.12201591511937	4	Philippine, Benguet, Philippines	RP	RP10	24213	16.45	120.55	-2445611	4	Philippine, Benguet, Philippines	RP	RP10	24213	16.45	120.55	-2445611	4	Philippine, Benguet, Philippines	RP	RP10	24213	16.45	120.55	-2445611	20260315081500	https://mb.com.ph/2026/03/15/title
1294308593	20260315	202603	2026	2026.2055	PHLLAB	FILIPINO	PHL					LAB			PHL	PHILIPPINE	PHL								1	042	042	04	1	1.9	5	1	5	-4.88888888888889	4	Manila, Manila, Philippines	RP	RPD9	24210	14.6042	120.982	-2437894	4	Manila, Manila, Philippines	RP	RPD9	24210	14.6042	120.982	-2437894	4	Tehran, Tehran, Iran	IR	IR26	41130	35.75	51.5148	10074674	20260315081500	https://www.philstar.com/headlines/2026/03/15/2514510/pinoys-arrive-philippines-qatar-saudi-arabia-amid-middle-east-tensions-dmw
1294308594	20260315	202603	2026	2026.2055	PRK	PYONGYANG	PRK																		1	154	154	15	4	-7.2	2	1	2	-0.53571428571429	1	Lebanon	LE	LE		33.833333	35.833333	LE	0								1	Lebanon	LE	LE		33.833333	35.833333	LE	20260315081500	https://theasian.asia/archives/203878
1294308595	20260315	202603	2026	2026.2055	PRK	NORTH KOREA	PRK								USA	UNITED STATES	USA								1	046	046	04	1	7.0	1	1	1	0.13966480446927	4	Pyongyang, P'yongyang-si, North Korea	KN	KN12	39681	39.0194	125.755	-183459	3	White House, District of Columbia, United States	US	USDC		38.8951	-77.0364	531871	4	Pyongyang, P'yongyang-si, North Korea	KN	KN12	39681	39.0194	125.755	-183459	20260315081500	https://www.koreatimes.co.kr/foreignaffairs/20260315/speculation-grows-over-trump-kim-talks-despite-major-hurdles
1294308596	20260315	202603	2026	2026.2055	PRK	NORTH KOREA	PRK								USA	UNITED STATES	USA								1	046	046	04	1	7.0	1	1	1	0.13966480446927	3	Washington, District of Columbia, United States	US	USDC	DC001	38.8951	-77.0364	531871	3	White House, District of Columbia, United States	US	USDC		38.8951	-77.0364	531871	3	Washington, District of Columbia, United States	US	USDC	DC001	38.8951	-77.0364	531871	20260315081500	https://www.koreatimes.co.kr/foreignaffairs/20260315/speculation-grows-over-trump-kim-talks-despite-major-hurdles
1294308597	20260315	202603	2026	2026.2055	PSE	WEST BANK	PSE								CVL	CITIZEN						CVL			1	193	193	19	4	-10.0	5	1	5	-7.40740740740741	4	Jerusalem, Israel (general), Israel	IS	IS00	18315	31.7667	35.2333	-797092	4	Nablus, West Bank (general), West Bank	WE	WE00	32684	32.2199	35.2636	-795575	4	Jerusalem, Israel (general), Israel	IS	IS00	18315	31.7667	35.2333	-797092	20260315081500	https://imemc.org/article/west-bank-occupation-forces-shoot-two-detonate-home-of-detainee/
1294308598	20260315	202603	2026	2026.2055	PSE	WEST BANK	PSE								CVL	CITIZEN						CVL			1	193	193	19	4	-10.0	1	1	1	-7.40740740740741	4	Jerusalem, Israel (general), Israel	IS	IS00	18315	31.7667	35.2333	-797092	4	Jerusalem, Israel (general), Israel	IS	IS00	18315	31.7667	35.2333	-797092	4	Jerusalem, Israel (general), Israel	IS	IS00	18315	31.7667	35.2333	-797092	20260315081500	https://imemc.org/article/west-bank-occupation-forces-shoot-two-detonate-home-of-detainee/
1294308599	20260315	202603	2026	2026.2055	PSE	WEST BANK	PSE								ISR	ISRAELI	ISR								1	043	043	04	1	2.8	5	1	3	-7.40740740740741	4	Hebron, Israel (general), Israel	IS	IS00	18315	31.5333	35.1	-793097	4	Hebron, Israel (general), Israel	IS	IS00	18315	31.5333	35.1	-793097	4	Hebron, Israel (general), Israel	IS	IS00	18315	31.5333	35.1	-793097	20260315081500	https://imemc.org/article/west-bank-occupation-forces-shoot-two-detonate-home-of-detainee/
1294308600	20260315	202603	2026	2026.2055	PSE	WEST BANK	PSE								ISR	ISRAELI	ISR								1	043	043	04	1	2.8	7	1	4	-7.40740740740741	4	Tarqumiya, West Bank (general), West Bank	WE	WE00	18315	31.5755	35.0122	-796566	4	Hebron, Israel (general), Israel	IS	IS00	18315	31.5333	35.1	-793097	4	Hebron, Israel (general), Israel	IS	IS00	18315	31.5333	35.1	-793097	20260315081500	https://imemc.org/article/west-bank-occupation-forces-shoot-two-detonate-home-of-detainee/
1294308601	20260315	202603	2026	2026.2055	PSE	WEST BANK	PSE								ISR	ISRAELI	ISR								1	043	043	04	1	2.8	2	1	1	-7.40740740740741	4	Tarqumiya, West Bank (general), West Bank	WE	WE00	18315	31.5755	35.0122	-796566	4	Hebron, Israel (general), Israel	IS	IS00	18315	31.5333	35.1	-793097	4	Tarqumiya, West Bank (general), West Bank	WE	WE00	18315	31.5755	35.0122	-796566	20260315081500	https://imemc.org/article/west-bank-occupation-forces-shoot-two-detonate-home-of-detainee/
1294308602	20260315	202603	2026	2026.2055	PSE	WEST BANK	PSE								ISR	JERUSALEM	ISR								1	180	180	18	4	-9.0	6	1	6	-7.40740740740741	4	Tarqumiya, West Bank (general), West Bank	WE	WE00	18315	31.5755	35.0122	-796566	4	Jerusalem, Israel (general), Israel	IS	IS00	18315	31.7667	35.2333	-797092	4	Beit Iksa, West Bank (general), West Bank	WE	WE00	18315	31.8173	35.1793	-793838	20260315081500	https://imemc.org/article/west-bank-occupation-forces-shoot-two-detonate-home-of-detainee/
1294308603	20260315	202603	2026	2026.2055	QAT	QATAR	QAT								ISR	ISRAEL	ISR								0	010	010	01	1	0.0	1	1	1	-3.93401015228427	4	Tel Aviv, Tel Aviv, Israel	IS	IS05	18316	32.0667	34.7667	-781545	4	Tel Aviv, Tel Aviv, Israel	IS	IS05	18316	32.0667	34.7667	-781545	4	Tel Aviv, Tel Aviv, Israel	IS	IS05	18316	32.0667	34.7667	-781545	20260315081500	https://www.spotlightnepal.com/2026/03/15/nepali-middle-east-living-under-threat/
1294308604	20260315	202603	2026	2026.2055	QAT	QATAR	QAT								ISR	ISRAEL	ISR								0	010	010	01	1	0.0	1	1	1	-3.93401015228427	4	Doha, Ad Daw?ah, Qatar	QA	QA01	25307	25.2867	51.5333	-785169	4	Tel Aviv, Tel Aviv, Israel	IS	IS05	18316	32.0667	34.7667	-781545	4	Riyadh, Ar Riya?, Saudi Arabia	SA	SA10	25316	24.6408	46.7728	-3093009	20260315081500	https://www.spotlightnepal.com/2026/03/15/nepali-middle-east-living-under-threat/
1294308605	20260315	202603	2026	2026.2055	QAT	QATAR	QAT								ISRHLH	ISRAEL	ISR					HLH			0	010	010	01	1	0.0	1	1	1	-3.93401015228427	4	Tel Aviv, Tel Aviv, Israel	IS	IS05	18316	32.0667	34.7667	-781545	4	Tel Aviv, Tel Aviv, Israel	IS	IS05	18316	32.0667	34.7667	-781545	4	Tel Aviv, Tel Aviv, Israel	IS	IS05	18316	32.0667	34.7667	-781545	20260315081500	https://www.spotlightnepal.com/2026/03/15/nepali-middle-east-living-under-threat/
1294308606	20260315	202603	2026	2026.2055	QAT	QATAR	QAT								ISRHLH	ISRAEL	ISR					HLH			0	010	010	01	1	0.0	1	1	1	-3.93401015228427	4	Doha, Ad Daw?ah, Qatar	QA	QA01	25307	25.2867	51.5333	-785169	4	Ministry Of Foreign Affairs, Masqat, Oman	MU	MU06	23611	23.6165	58.4691	11318952	4	Riyadh, Ar Riya?, Saudi Arabia	SA	SA10	25316	24.6408	46.7728	-3093009	20260315081500	https://www.spotlightnepal.com/2026/03/15/nepali-middle-east-living-under-threat/
1294308607	20260315	202603	2026	2026.2055	QAT	QATAR	QAT								PHL	PHILIPPINE	PHL								1	042	042	04	1	1.9	10	1	10	-4.88888888888889	4	Tehran, Tehran, Iran	IR	IR26	41130	35.75	51.5148	10074674	4	Tehran, Tehran, Iran	IR	IR26	41130	35.75	51.5148	10074674	4	Tehran, Tehran, Iran	IR	IR26	41130	35.75	51.5148	10074674	20260315081500	https://www.philstar.com/headlines/2026/03/15/2514510/pinoys-arrive-philippines-qatar-saudi-arabia-amid-middle-east-tensions-dmw
1294308608	20260315	202603	2026	2026.2055	QATMED	AL JAZEERA	QAT					MED			MOS	ISLAMIC				MOS					1	010	010	01	1	0.0	5	1	5	-3.9568345323741	4	Isfahan, Esfahan, Iran	IR	IR28	40941	32.6597	51.6714	6013426	4	Isfahan, Esfahan, Iran	IR	IR28	40941	32.6597	51.6714	6013426	4	Isfahan, Esfahan, Iran	IR	IR28	40941	32.6597	51.6714	6013426	20260315081500	https://economictimes.indiatimes.com/news/defence/irgc-denies-involvement-in-drone-attacks-on-saudi-arabia-urges-riyadh-to-discover-the-origin-of-strikes/articleshow/129586374.cms
1294308609	20260315	202603	2026	2026.2055	QATMED	AL JAZEERA	QAT					MED			MOS	ISLAMIC				MOS					1	190	190	19	4	-10.0	5	1	5	-3.9568345323741	4	Isfahan, Esfahan, Iran	IR	IR28	40941	32.6597	51.6714	6013426	4	Isfahan, Esfahan, Iran	IR	IR28	40941	32.6597	51.6714	6013426	4	Isfahan, Esfahan, Iran	IR	IR28	40941	32.6597	51.6714	6013426	20260315081500	https://economictimes.indiatimes.com/news/defence/irgc-denies-involvement-in-drone-attacks-on-saudi-arabia-urges-riyadh-to-discover-the-origin-of-strikes/articleshow/129586374.cms
1294308610	20260315	202603	2026	2026.2055	REL	PILGRIM																			1	042	042	04	1	1.9	2	1	2	-5.75916230366492	5	Gandaki, Gandaki, Nepal	NP	NP04	22363	28.3333	84.3833	-1021959	0								5	Gandaki, Gandaki, Nepal	NP	NP04	22363	28.3333	84.3833	-1021959	20260315081500	https://www.dailyexcelsior.com/bus-carrying-indian-pilgrims-plunges-down-slope-killing-seven/
1294308611	20260315	202603	2026	2026.2055	REL	BISHOP																			1	110	110	11	3	-2.0	20	1	20	1.15658362989324	4	Suva, Central, Fiji	FJ	FJ01	40197	-18.1333	178.417	-1195133	0								4	Suva, Central, Fiji	FJ	FJ01	40197	-18.1333	178.417	-1195133	20260315081500	https://www.fijivillage.com/news/barriers-still-prevent-women-from-seeking-justice-in-fiji-kuruleca-b6e705/
1294308612	20260315	202603	2026	2026.2055	REL	PILGRIM									COP	POLICE						COP			1	042	042	04	1	1.9	2	1	2	-5.75916230366492	5	Gandaki, Gandaki, Nepal	NP	NP04	22363	28.3333	84.3833	-1021959	4	Gorkha, Haryana, India	IN	IN10	17831	30.1442	76.7181	10448030	5	Gandaki, Gandaki, Nepal	NP	NP04	22363	28.3333	84.3833	-1021959	20260315081500	https://www.dailyexcelsior.com/bus-carrying-indian-pilgrims-plunges-down-slope-killing-seven/
1294308613	20260315	202603	2026	2026.2055	REL	PILGRIM									NPL	GORKHA	NPL								1	042	042	04	1	1.9	2	1	2	-5.75916230366492	5	Gandaki, Gandaki, Nepal	NP	NP04	22363	28.3333	84.3833	-1021959	4	Gorkha, Haryana, India	IN	IN10	17831	30.1442	76.7181	10448030	5	Gandaki, Gandaki, Nepal	NP	NP04	22363	28.3333	84.3833	-1021959	20260315081500	https://www.dailyexcelsior.com/bus-carrying-indian-pilgrims-plunges-down-slope-killing-seven/
1294308614	20260315	202603	2026	2026.2055	REL	PILGRIM									NPL	GORKHA	NPL								1	042	042	04	1	1.9	2	1	2	-5.75916230366492	4	Kathmandu, Bagmati, Nepal	NP	NP01	22353	27.7167	85.3167	-1022136	4	Kathmandu, Bagmati, Nepal	NP	NP01	22353	27.7167	85.3167	-1022136	4	Kathmandu, Bagmati, Nepal	NP	NP01	22353	27.7167	85.3167	-1022136	20260315081500	https://www.dailyexcelsior.com/bus-carrying-indian-pilgrims-plunges-down-slope-killing-seven/
1294308615	20260315	202603	2026	2026.2055	REL	PILGRIM									NPL	GORKHA	NPL								1	042	042	04	1	1.9	2	1	2	-5.75916230366492	4	Gorkha, Haryana, India	IN	IN10	17831	30.1442	76.7181	10448030	4	Gorkha, Haryana, India	IN	IN10	17831	30.1442	76.7181	10448030	4	Gorkha, Haryana, India	IN	IN10	17831	30.1442	76.7181	10448030	20260315081500	https://www.dailyexcelsior.com/bus-carrying-indian-pilgrims-plunges-down-slope-killing-seven/
1294308616	20260315	202603	2026	2026.2055	RUS	RUSSIAN	RUS								FIN	FINLAND	FIN								0	172	172	17	4	-5.0	10	1	10	-2.90502793296089	1	Russia	RS	RS		60	100	RS	1	Finland	FI	FI		64	26	FI	1	Finland	FI	FI		64	26	FI	20260315081500	https://www.plymouthherald.co.uk/news/news-opinion/royal-navy-been-shamefully-neglected-10864362
1294308617	20260315	202603	2026	2026.2055	RUS	RUSSIA	RUS								UKR	UKRAINE	UKR								1	010	010	01	1	0.0	5	1	5	-6.13207547169811	1	Hong Kong	HK	HK		22.25	114.166667	HK	1	Hong Kong	HK	HK		22.25	114.166667	HK	1	Hong Kong	HK	HK		22.25	114.166667	HK	20260315081500	https://www.scmp.com/news/hong-kong/law-and-crime/article/3346643/terrorism-threat-hong-kong-moderate-amid-middle-east-war-security-chief
1294308618	20260315	202603	2026	2026.2055	SAS	SOUTH ASIA	SAS																		1	010	010	01	1	0.0	10	1	10	4.65116279069767	4	Ellora, Maharashtra, India	IN	IN16	17786	20.0167	75.1667	-2095470	0								4	Ellora, Maharashtra, India	IN	IN16	17786	20.0167	75.1667	-2095470	20260315081500	https://www.livemint.com/industry/135-million-worth-south-asian-art-sold-over-five-years-as-global-collectors-widen-focus-sothebys-11773543181421.html
1294308619	20260315	202603	2026	2026.2055	SAU	SAUDI ARABIA	SAU								PHL	PHILIPPINE	PHL								1	042	042	04	1	1.9	2	1	2	-4.88888888888889	1	Saudi Arabia	SA	SA		25	45	SA	4	Ninoy Aquino International Airport, Pasay, Philippines	RP	RPE9	24210	14.505	121.005	10585004	4	Ninoy Aquino International Airport, Pasay, Philippines	RP	RPE9	24210	14.505	121.005	10585004	20260315081500	https://www.philstar.com/headlines/2026/03/15/2514510/pinoys-arrive-philippines-qatar-saudi-arabia-amid-middle-east-tensions-dmw
1294308620	20260315	202603	2026	2026.2055	SAU	SAUDI ARABIA	SAU								PHL	PHILIPPINE	PHL								1	042	042	04	1	1.9	2	1	2	-4.88888888888889	1	Saudi Arabia	SA	SA		25	45	SA	4	Ninoy Aquino International Airport, Pasay, Philippines	RP	RPE9	24210	14.505	121.005	10585004	1	Saudi Arabia	SA	SA		25	45	SA	20260315081500	https://www.philstar.com/headlines/2026/03/15/2514510/pinoys-arrive-philippines-qatar-saudi-arabia-amid-middle-east-tensions-dmw
1294308621	20260315	202603	2026	2026.2055	SAUGOV	ABDULLAH	SAU					GOV													1	012	012	01	1	-0.4	6	1	6	-1.43678160919541	4	Dhaka, Dhaka, Bangladesh	BG	BG81	5778	23.7231	90.4086	-2737683	0								4	Dhaka, Dhaka, Bangladesh	BG	BG81	5778	23.7231	90.4086	-2737683	20260315081500	https://www.jagonews24.com/en/education/news/90828
1294308622	20260315	202603	2026	2026.2055	SAUGOV	ABDULLAH	SAU					GOV			BGD	BANGLADESH	BGD								1	012	012	01	1	-0.4	2	1	2	-1.43678160919541	4	Debidwar, Chittagong, Bangladesh	BG	BG84	5771	23.6625	91.0003	8033313	4	Debidwar, Chittagong, Bangladesh	BG	BG84	5771	23.6625	91.0003	8033313	4	Debidwar, Chittagong, Bangladesh	BG	BG84	5771	23.6625	91.0003	8033313	20260315081500	https://www.jagonews24.com/en/education/news/90828
1294308623	20260315	202603	2026	2026.2055	SET	SETTLER						SET			CVL	VILLAGE						CVL			0	190	190	19	4	-10.0	2	1	2	-7.40740740740741	4	Jerusalem, Israel (general), Israel	IS	IS00	18315	31.7667	35.2333	-797092	4	Qusra, West Bank (general), West Bank	WE	WE00	32684	32.0854	35.33	-795911	4	Jerusalem, Israel (general), Israel	IS	IS00	18315	31.7667	35.2333	-797092	20260315081500	https://imemc.org/article/west-bank-occupation-forces-shoot-two-detonate-home-of-detainee/
1294308624	20260315	202603	2026	2026.2055	SET	SETTLER						SET			CVL	VILLAGE						CVL			0	193	193	19	4	-10.0	4	1	4	-7.40740740740741	4	Qusra, West Bank (general), West Bank	WE	WE00	32684	32.0854	35.33	-795911	4	Qusra, West Bank (general), West Bank	WE	WE00	32684	32.0854	35.33	-795911	4	Qusra, West Bank (general), West Bank	WE	WE00	32684	32.0854	35.33	-795911	20260315081500	https://imemc.org/article/west-bank-occupation-forces-shoot-two-detonate-home-of-detainee/
1294308625	20260315	202603	2026	2026.2055	SET	SETTLER						SET			CVL	VILLAGE						CVL			0	193	193	19	4	-10.0	2	1	2	-7.40740740740741	4	Jerusalem, Israel (general), Israel	IS	IS00	18315	31.7667	35.2333	-797092	4	Qusra, West Bank (general), West Bank	WE	WE00	32684	32.0854	35.33	-795911	4	Qusra, West Bank (general), West Bank	WE	WE00	32684	32.0854	35.33	-795911	20260315081500	https://imemc.org/article/west-bank-occupation-forces-shoot-two-detonate-home-of-detainee/
1294308626	20260315	202603	2026	2026.2055	SET	SETTLER						SET			PSE	WEST BANK	PSE								0	190	190	19	4	-10.0	4	1	4	-7.40740740740741	4	Qusra, West Bank (general), West Bank	WE	WE00	32684	32.0854	35.33	-795911	4	Qusra, West Bank (general), West Bank	WE	WE00	32684	32.0854	35.33	-795911	4	Qusra, West Bank (general), West Bank	WE	WE00	32684	32.0854	35.33	-795911	20260315081500	https://imemc.org/article/west-bank-occupation-forces-shoot-two-detonate-home-of-detainee/
1294308627	20260315	202603	2026	2026.2055	SET	SETTLER						SET			PSECVL	WEST BANK	PSE					CVL			0	190	190	19	4	-10.0	4	1	4	-7.40740740740741	4	Jerusalem, Israel (general), Israel	IS	IS00	18315	31.7667	35.2333	-797092	4	Qusra, West Bank (general), West Bank	WE	WE00	32684	32.0854	35.33	-795911	4	Jerusalem, Israel (general), Israel	IS	IS00	18315	31.7667	35.2333	-797092	20260315081500	https://imemc.org/article/west-bank-occupation-forces-shoot-two-detonate-home-of-detainee/
1294308628	20260315	202603	2026	2026.2055	SET	SETTLER						SET			PSECVL	WEST BANK	PSE					CVL			0	193	193	19	4	-10.0	4	1	4	-7.40740740740741	4	Jerusalem, Israel (general), Israel	IS	IS00	18315	31.7667	35.2333	-797092	4	Qusra, West Bank (general), West Bank	WE	WE00	32684	32.0854	35.33	-795911	4	Qusra, West Bank (general), West Bank	WE	WE00	32684	32.0854	35.33	-795911	20260315081500	https://imemc.org/article/west-bank-occupation-forces-shoot-two-detonate-home-of-detainee/
1294308629	20260315	202603	2026	2026.2055	SPY	INTELLIGENCE						SPY													0	020	020	02	1	3.0	10	1	10	-3.54535974973931	4	Dunkirk, Kent, United Kingdom	UK	UKG5	40117	51.2833	0.983333	-2594899	0								4	Dunkirk, Kent, United Kingdom	UK	UKG5	40117	51.2833	0.983333	-2594899	20260315081500	https://www.nottinghampost.com/news/nottingham-news/even-kids-good-homes-now-10818204
1294308630	20260315	202603	2026	2026.2055	UAF	GUNMEN						UAF			NGACVL	NIGERIA	NGA					CVL			1	193	193	19	4	-10.0	20	2	20	-11.6883116883117	4	Kanam, Nigeria (general), Nigeria	NI	NI00	191151	9.05	9.41667	-2014529	4	Kanam, Nigeria (general), Nigeria	NI	NI00	191151	9.05	9.41667	-2014529	4	Kanam, Nigeria (general), Nigeria	NI	NI00	191151	9.05	9.41667	-2014529	20260315081500	http://www.bignewsnetwork.com/news/278923149/gunmen-kill-20-in-central-nigeria-village-attack
1294308631	20260315	202603	2026	2026.2055	USA	UNITED STATES	USA																		0	010	010	01	1	0.0	1	1	1	8.52173913043479	3	Hollywood, California, United States	US	USCA	CA037	34.0983	-118.327	1660757	0								1	Costa Rica	CS	CS		10	-84	CS	20260315081500	https://economictimes.indiatimes.com/magazines/panache/oscars-2026-live-streaming-date-and-time-of-98th-academy-awards-in-india-venue-host-and-whats-inside-the-350000-nominees-gift-bag/articleshow/129585643.cms
1294308632	20260315	202603	2026	2026.2055	USA	UNITED STATES	USA																		0	010	010	01	1	0.0	3	1	3	8.52173913043479	1	Costa Rica	CS	CS		10	-84	CS	0								1	Costa Rica	CS	CS		10	-84	CS	20260315081500	https://economictimes.indiatimes.com/magazines/panache/oscars-2026-live-streaming-date-and-time-of-98th-academy-awards-in-india-venue-host-and-whats-inside-the-350000-nominees-gift-bag/articleshow/129585643.cms
1294308633	20260315	202603	2026	2026.2055	USA	ILLINOIS	USA																		0	010	010	01	1	0.0	8	1	8	1.28558310376492	2	Illinois, United States	US	USIL		40.3363	-89.0022	IL	0								2	Illinois, United States	US	USIL		40.3363	-89.0022	IL	20260315081500	https://www.dailypolitical.com/2026/03/15/illinois-tool-works-inc-itw-shares-sold-by-aristotle-capital-management-llc.html
1294308634	20260315	202603	2026	2026.2055	USA	UNITED STATES	USA																		0	012	012	01	1	-0.4	4	1	4	-5.54919908466819	3	Old Dominion University, Virginia, United States	US	USVA	VA710	36.8901	-76.3046	1479256	0								3	Old Dominion University, Virginia, United States	US	USVA		36.8901	-76.3046	1479256	20260315081500	https://edition.cnn.com/2026/03/15/us/mohamed-bailor-jalloh-old-dominion
1294308635	20260315	202603	2026	2026.2055	USA	THE US	USA																		0	030	030	03	1	4.0	10	1	10	-2.45098039215686	4	Tehran, Tehran, Iran	IR	IR26	41130	35.75	51.5148	10074674	0								4	Tehran, Tehran, Iran	IR	IR26	41130	35.75	51.5148	10074674	20260315081500	https://pakobserver.net/trump-threatens-more-strikes-on-kharg-island-says-deal-not-good-enough-yet/
1294308636	20260315	202603	2026	2026.2055	USA	AMERICAN	USA																		1	036	036	03	1	4.0	2	1	2	8.29694323144105	4	Kolkata, West Bengal, India	IN	IN28	70294	22.5697	88.3697	-2092511	0								3	Hollywood, California, United States	US	USCA	CA037	34.0983	-118.327	1660757	20260315081500	https://www.indiatvnews.com/entertainment/hollywood/india-at-the-oscars-from-the-first-indian-film-to-win-to-the-first-indian-on-the-jury-2026-03-15-1033696
1294308637	20260315	202603	2026	2026.2055	USA	UNITED STATES	USA																		0	040	040	04	1	1.0	4	1	4	1.05515587529976	2	New Mexico, United States	US	USNM		34.8375	-106.237	NM	0								2	Alabama, United States	US	USAL		32.799	-86.8073	AL	20260315081500	https://www.governing.com/archive/health-care-reform-similar-states.html
1294308638	20260315	202603	2026	2026.2055	USA	TEXAS	USA																		1	042	042	04	1	1.9	9	1	9	-8.43373493975904	3	Texas Department Of Public Safety, Texas, United States	US	USTX	TX453	30.3263	-97.7242	1348410	0								3	Texas Department Of Public Safety, Texas, United States	US	USTX		30.3263	-97.7242	1348410	20260315081500	https://www.kiiitv.com/article/news/local/major-crash-causes-traffic-backup-on-highway-361-near-port-aransas/503-6fe0dcc2-5bcf-4aa4-b119-c0eb7acdd165
1294308639	20260315	202603	2026	2026.2055	USA	UNITED STATES	USA																		0	046	046	04	1	7.0	1	1	1	0.13966480446927	4	Pyongyang, P'yongyang-si, North Korea	KN	KN12	39681	39.0194	125.755	-183459	0								4	Pyongyang, P'yongyang-si, North Korea	KN	KN12	39681	39.0194	125.755	-183459	20260315081500	https://www.koreatimes.co.kr/foreignaffairs/20260315/speculation-grows-over-trump-kim-talks-despite-major-hurdles
1294308640	20260315	202603	2026	2026.2055	USA	LAWRENCE	USA																		1	051	051	05	1	3.4	3	1	3	1.92307692307693	4	Quebec, Quebec, Canada	CA	CA10	12750	47.5	-72	-571850	0								4	Quebec, Quebec, Canada	CA	CA10	12750	47.5	-72	-571850	20260315081500	https://www.theargus.co.uk/news/25927563.southern-water-signs-armed-forces-covenant-veterans/
1294308641	20260315	202603	2026	2026.2055	USA	UNITED STATES	USA																		1	051	051	05	1	3.4	2	1	2	5.5	4	Belgrade, Serbia (general),	RB	RB00	47629	44.8186	20.4681	-74897	0								4	Belgrade, Serbia (general),	RB	RB00	47629	44.8186	20.4681	-74897	20260315081500	https://nbcmontana.com/news/local/belgrade-hosts-apple-pie-bakeoff-as-part-of-america-250-celebrations
1294308642	20260315	202603	2026	2026.2055	USA	UNITED STATES	USA																		0	057	057	05	1	8.0	9	1	7	-0.20470829068577	3	White House, District of Columbia, United States	US	USDC		38.8951	-77.0364	531871	0								3	White House, District of Columbia, United States	US	USDC		38.8951	-77.0364	531871	20260315081500	https://www.bostonglobe.com/2026/03/15/opinion/era-28th-amendment-ratification-ginsburg/
1294308643	20260315	202603	2026	2026.2055	USA	UNITED STATES	USA																		0	071	071	07	2	7.4	2	1	2	0.95057034220533	3	Blackrock, Indiana, United States	US	USIN	IN171	40.3678	-87.097	431141	0								3	Blackrock, Indiana, United States	US	USIN	IN171	40.3678	-87.097	431141	20260315081500	https://www.dailypolitical.com/2026/03/15/bp-nysebp-upgraded-to-buy-at-wall-street-zen.html
1294308644	20260315	202603	2026	2026.2055	USA	UNITED STATES	USA																		1	110	110	11	3	-2.0	4	1	4	-4.71464019851116	2	Montana, United States	US	USMT		46.9048	-110.326	MT	0								2	Montana, United States	US	USMT		46.9048	-110.326	MT	20260315081500	https://www.el-balad.com/16881406
1294308645	20260315	202603	2026	2026.2055	USA	LAWRENCE	USA								CAN	CANADA	CAN								1	051	051	05	1	3.4	1	1	1	1.92307692307693	4	Quebec, Quebec, Canada	CA	CA10	12750	47.5	-72	-571850	4	Quebec, Quebec, Canada	CA	CA10	12750	47.5	-72	-571850	4	Quebec, Quebec, Canada	CA	CA10	12750	47.5	-72	-571850	20260315081500	https://www.theargus.co.uk/news/25927563.southern-water-signs-armed-forces-covenant-veterans/
1294308646	20260315	202603	2026	2026.2055	USA	UNITED STATES	USA								COP	POLICE						COP			0	043	043	04	1	2.8	6	1	4	-5.54919908466819	3	Old Dominion University, Virginia, United States	US	USVA	VA710	36.8901	-76.3046	1479256	3	Old Dominion University, Virginia, United States	US	USVA		36.8901	-76.3046	1479256	3	Old Dominion University, Virginia, United States	US	USVA		36.8901	-76.3046	1479256	20260315081500	https://edition.cnn.com/2026/03/15/us/mohamed-bailor-jalloh-old-dominion
1294308647	20260315	202603	2026	2026.2055	USA	UNITED STATES	USA								COP	POLICE						COP			0	043	043	04	1	2.8	8	1	4	-5.54919908466819	3	Norfolk, Virginia, United States	US	USVA	VA710	36.8468	-76.2852	1497051	3	Old Dominion University, Virginia, United States	US	USVA		36.8901	-76.3046	1479256	3	Old Dominion University, Virginia, United States	US	USVA		36.8901	-76.3046	1479256	20260315081500	https://edition.cnn.com/2026/03/15/us/mohamed-bailor-jalloh-old-dominion
1294308648	20260315	202603	2026	2026.2055	USA	UNITED STATES	USA								COP	POLICE						COP			0	043	043	04	1	2.8	2	1	2	-5.54919908466819	3	Old Dominion, Virginia, United States	US	USVA	VA003	37.8276	-78.6661	1499819	3	Old Dominion University, Virginia, United States	US	USVA		36.8901	-76.3046	1479256	3	Old Dominion University, Virginia, United States	US	USVA		36.8901	-76.3046	1479256	20260315081500	https://edition.cnn.com/2026/03/15/us/mohamed-bailor-jalloh-old-dominion
1294308649	20260315	202603	2026	2026.2055	USA	VIRGINIA	USA								COP	POLICE						COP			0	043	043	04	1	2.8	4	1	2	-5.54919908466819	2	Virginia, United States	US	USVA		37.768	-78.2057	VA	3	Old Dominion University, Virginia, United States	US	USVA		36.8901	-76.3046	1479256	3	Old Dominion University, Virginia, United States	US	USVA		36.8901	-76.3046	1479256	20260315081500	https://edition.cnn.com/2026/03/15/us/mohamed-bailor-jalloh-old-dominion
1294308650	20260315	202603	2026	2026.2055	USA	LAWRENCE	USA								GOV	CHIEF EXECUTIVE						GOV			1	051	051	05	1	3.4	4	1	4	1.92307692307693	4	Quebec, Quebec, Canada	CA	CA10	12750	47.5	-72	-571850	4	Quebec, Quebec, Canada	CA	CA10	12750	47.5	-72	-571850	4	Quebec, Quebec, Canada	CA	CA10	12750	47.5	-72	-571850	20260315081500	https://www.theargus.co.uk/news/25927563.southern-water-signs-armed-forces-covenant-veterans/
1294308651	20260315	202603	2026	2026.2055	USA	AMERICAN	USA								GUY	GEORGETOWN	GUY								1	010	010	01	1	0.0	1	1	1	-0.20470829068577	2	Nevada, United States	US	USNV		38.4199	-117.122	NV	2	Nevada, United States	US	USNV		38.4199	-117.122	NV	2	Nevada, United States	US	USNV		38.4199	-117.122	NV	20260315081500	https://www.bostonglobe.com/2026/03/15/opinion/era-28th-amendment-ratification-ginsburg/
1294308652	20260315	202603	2026	2026.2055	USA	UNITED STATES	USA								GUY	GEORGETOWN	GUY								1	013	013	01	1	0.4	6	1	6	-0.20470829068577	2	Nevada, United States	US	USNV		38.4199	-117.122	NV	2	Nevada, United States	US	USNV		38.4199	-117.122	NV	2	Nevada, United States	US	USNV		38.4199	-117.122	NV	20260315081500	https://www.bostonglobe.com/2026/03/15/opinion/era-28th-amendment-ratification-ginsburg/
1294308653	20260315	202603	2026	2026.2055	USA	AMERICAN	USA								IRN	IRANIAN	IRN								1	042	042	04	1	1.9	2	1	2	-2.89855072463768	1	United States	US	US		39.828175	-98.5795	US	1	Iran	IR	IR		32	53	IR	1	United States	US	US		39.828175	-98.5795	US	20260315081500	https://www.middleeasteye.net/live-blog/live-blog-update/irgc-says-it-launched-missiles-and-drones-targeting-us-airbase-uae
1294308654	20260315	202603	2026	2026.2055	USA	UNITED STATES	USA								IRN	IRANIAN	IRN								0	110	110	11	3	-2.0	1	1	1	-3.9568345323741	3	Washington, District of Columbia, United States	US	USDC	DC001	38.8951	-77.0364	531871	3	Washington, District of Columbia, United States	US	USDC	DC001	38.8951	-77.0364	531871	3	Washington, District of Columbia, United States	US	USDC	DC001	38.8951	-77.0364	531871	20260315081500	https://economictimes.indiatimes.com/news/defence/irgc-denies-involvement-in-drone-attacks-on-saudi-arabia-urges-riyadh-to-discover-the-origin-of-strikes/articleshow/129586374.cms
1294308655	20260315	202603	2026	2026.2055	USA	THE US	USA								IRN	IRAN	IRN								1	1712	171	17	4	-9.2	1	1	1	-3.76914016489988	4	Shahed, Fars, Iran	IR	IR07	25307	28.5934	52.2295	-3083999	4	Shahed, Fars, Iran	IR	IR07	25307	28.5934	52.2295	-3083999	4	Shahed, Fars, Iran	IR	IR07	25307	28.5934	52.2295	-3083999	20260315081500	https://www.queanbeyanage.com.au/story/9198748/trump-warns-of-more-strikes-on-irans-oil-export-hub/
1294308656	20260315	202603	2026	2026.2055	USA	AMERICAN	USA								IRQ	IRAQ	IRQ								0	010	010	01	1	0.0	1	1	1	-2.99792223211636	4	Isfahan, Esfahan, Iran	IR	IR28	40941	32.6597	51.6714	6013426	1	Israel	IS	IS		31.5	34.75	IS	1	Israel	IS	IS		31.5	34.75	IS	20260315081500	https://www.mirror.co.uk/news/world-news/iran-trump-mojtaba-khamenei-live-36843602
1294308657	20260315	202603	2026	2026.2055	USA	AMERICAN	USA								IRQ	IRAQ	IRQ								0	010	010	01	1	0.0	5	1	5	-2.99792223211636	2	Alabama, United States	US	USAL		32.799	-86.8073	AL	4	Baghdad, Baghdad, Iraq	IZ	IZ07	36785	33.3386	44.3939	-3103581	4	Baghdad, Baghdad, Iraq	IZ	IZ07	36785	33.3386	44.3939	-3103581	20260315081500	https://www.mirror.co.uk/news/world-news/iran-trump-mojtaba-khamenei-live-36843602
1294308658	20260315	202603	2026	2026.2055	USA	UNITED STATES	USA								IRQ	IRAQ	IRQ								0	010	010	01	1	0.0	2	1	2	-2.99792223211636	2	Alabama, United States	US	USAL		32.799	-86.8073	AL	2	Alabama, United States	US	USAL		32.799	-86.8073	AL	4	Baghdad, Baghdad, Iraq	IZ	IZ07	36785	33.3386	44.3939	-3103581	20260315081500	https://www.mirror.co.uk/news/world-news/iran-trump-mojtaba-khamenei-live-36843602
1294308659	20260315	202603	2026	2026.2055	USA	AMERICAN	USA								IRQ	IRAQ	IRQ								0	174	174	17	4	-5.0	1	1	1	-2.99792223211636	4	Isfahan, Esfahan, Iran	IR	IR28	40941	32.6597	51.6714	6013426	1	Israel	IS	IS		31.5	34.75	IS	1	Israel	IS	IS		31.5	34.75	IS	20260315081500	https://www.mirror.co.uk/news/world-news/iran-trump-mojtaba-khamenei-live-36843602
1294308660	20260315	202603	2026	2026.2055	USA	AMERICAN	USA								IRQ	IRAQ	IRQ								0	174	174	17	4	-5.0	5	1	5	-2.99792223211636	2	Alabama, United States	US	USAL		32.799	-86.8073	AL	4	Baghdad, Baghdad, Iraq	IZ	IZ07	36785	33.3386	44.3939	-3103581	4	Baghdad, Baghdad, Iraq	IZ	IZ07	36785	33.3386	44.3939	-3103581	20260315081500	https://www.mirror.co.uk/news/world-news/iran-trump-mojtaba-khamenei-live-36843602
1294308661	20260315	202603	2026	2026.2055	USA	UNITED STATES	USA								IRQ	IRAQ	IRQ								0	174	174	17	4	-5.0	2	1	2	-2.99792223211636	2	Alabama, United States	US	USAL		32.799	-86.8073	AL	2	Alabama, United States	US	USAL		32.799	-86.8073	AL	4	Baghdad, Baghdad, Iraq	IZ	IZ07	36785	33.3386	44.3939	-3103581	20260315081500	https://www.mirror.co.uk/news/world-news/iran-trump-mojtaba-khamenei-live-36843602
1294308662	20260315	202603	2026	2026.2055	USA	ALASKA	USA								JPN	JAPAN	JPN								0	042	042	04	1	1.9	2	1	2	-3.06122448979592	2	Alaska, United States	US	USAK		61.385	-152.268	AK	4	Tokyo, Tokyo, Japan	JA	JA40	36340	35.685	139.751	-246227	2	Alaska, United States	US	USAK		61.385	-152.268	AK	20260315081500	https://finance.yahoo.com/news/japan-release-oil-stocks-us-075340103.html
1294308663	20260315	202603	2026	2026.2055	USA	UNITED STATES	USA								JPN	JAPAN	JPN								0	042	042	04	1	1.9	1	1	1	-3.06122448979592	2	Alaska, United States	US	USAK		61.385	-152.268	AK	2	Alaska, United States	US	USAK		61.385	-152.268	AK	2	Alaska, United States	US	USAK		61.385	-152.268	AK	20260315081500	https://finance.yahoo.com/news/japan-release-oil-stocks-us-075340103.html
1294308664	20260315	202603	2026	2026.2055	USA	UNITED STATES	USA								KEN	KENYA	KEN								0	173	173	17	4	-5.0	2	1	2	-5.54919908466819	3	Old Dominion University, Virginia, United States	US	USVA	VA710	36.8901	-76.3046	1479256	1	Kenya	KE	KE		1	38	KE	3	Norfolk, Virginia, United States	US	USVA	VA710	36.8468	-76.2852	1497051	20260315081500	https://edition.cnn.com/2026/03/15/us/mohamed-bailor-jalloh-old-dominion
1294308665	20260315	202603	2026	2026.2055	USA	UNITED STATES	USA								KEN	KENYA	KEN								0	173	173	17	4	-5.0	2	1	2	-5.54919908466819	3	Old Dominion University, Virginia, United States	US	USVA	VA710	36.8901	-76.3046	1479256	1	Kenya	KE	KE		1	38	KE	1	Kenya	KE	KE		1	38	KE	20260315081500	https://edition.cnn.com/2026/03/15/us/mohamed-bailor-jalloh-old-dominion
1294308666	20260315	202603	2026	2026.2055	USA	AMERICAN	USA								MIL	MILITARY						MIL			0	190	190	19	4	-10.0	2	1	2	-6.25978090766823	4	Manama, Al Manamah, Bahrain	BA	BA02	25307	26.2361	50.5831	-784833	1	United States	US	US		39.828175	-98.5795	US	1	United States	US	US		39.828175	-98.5795	US	20260315081500	https://theasian.asia/archives/203874
1294308667	20260315	202603	2026	2026.2055	USA	AMERICAN	USA								MIL	MILITARY						MIL			0	190	190	19	4	-10.0	5	1	5	-6.25978090766823	1	United States	US	US		39.828175	-98.5795	US	1	United States	US	US		39.828175	-98.5795	US	1	United States	US	US		39.828175	-98.5795	US	20260315081500	https://theasian.asia/archives/203874
1294308668	20260315	202603	2026	2026.2055	USA	UNITED STATES	USA								PRK	NORTH KOREA	PRK								1	046	046	04	1	7.0	1	1	1	0.13966480446927	3	White House, District of Columbia, United States	US	USDC		38.8951	-77.0364	531871	4	Pyongyang, P'yongyang-si, North Korea	KN	KN12	39681	39.0194	125.755	-183459	3	White House, District of Columbia, United States	US	USDC		38.8951	-77.0364	531871	20260315081500	https://www.koreatimes.co.kr/foreignaffairs/20260315/speculation-grows-over-trump-kim-talks-despite-major-hurdles
1294308669	20260315	202603	2026	2026.2055	USA	UNITED STATES	USA								PRK	NORTH KOREA	PRK								1	046	046	04	1	7.0	1	1	1	0.13966480446927	3	White House, District of Columbia, United States	US	USDC		38.8951	-77.0364	531871	3	Washington, District of Columbia, United States	US	USDC	DC001	38.8951	-77.0364	531871	1	South Korea	KS	KS		37	127.5	KS	20260315081500	https://www.koreatimes.co.kr/foreignaffairs/20260315/speculation-grows-over-trump-kim-talks-despite-major-hurdles
1294308670	20260315	202603	2026	2026.2055	USA	UNITED STATES	USA								UAF	GUNMAN						UAF			0	193	193	19	4	-10.0	6	1	6	-5.54919908466819	3	Old Dominion University, Virginia, United States	US	USVA	VA710	36.8901	-76.3046	1479256	3	Old Dominion University, Virginia, United States	US	USVA		36.8901	-76.3046	1479256	3	Old Dominion University, Virginia, United States	US	USVA		36.8901	-76.3046	1479256	20260315081500	https://edition.cnn.com/2026/03/15/us/mohamed-bailor-jalloh-old-dominion
1294308671	20260315	202603	2026	2026.2055	USA	TEXAS	USA								USAELI	UNITED STATES	USA					ELI			1	110	110	11	3	-2.0	2	1	2	-0.22271714922049	2	Texas, United States	US	USTX		31.106	-97.6475	TX	2	Texas, United States	US	USTX		31.106	-97.6475	TX	2	Texas, United States	US	USTX		31.106	-97.6475	TX	20260315081500	https://nbc16.com/news/nation-world/joe-manchin-deeply-disappointed-over-republican-senator-john-cornyns-filibuster-flip-save-america-act-primary-election-race-trump
1294308672	20260315	202603	2026	2026.2055	USA	UNITED STATES	USA								USAGOV	THE WHITE HOUSE	USA					GOV			1	046	046	04	1	7.0	2	1	2	0.13966480446927	3	White House, District of Columbia, United States	US	USDC		38.8951	-77.0364	531871	3	White House, District of Columbia, United States	US	USDC		38.8951	-77.0364	531871	3	White House, District of Columbia, United States	US	USDC		38.8951	-77.0364	531871	20260315081500	https://www.koreatimes.co.kr/foreignaffairs/20260315/speculation-grows-over-trump-kim-talks-despite-major-hurdles
1294308673	20260315	202603	2026	2026.2055	USA	AMERICAN	USA								USAMED	UNITED STATES	USA					MED			1	043	043	04	1	2.8	2	1	2	8.29694323144105	4	Kolkata, West Bengal, India	IN	IN28	70294	22.5697	88.3697	-2092511	3	Hollywood, California, United States	US	USCA	CA037	34.0983	-118.327	1660757	3	Hollywood, California, United States	US	USCA	CA037	34.0983	-118.327	1660757	20260315081500	https://www.indiatvnews.com/entertainment/hollywood/india-at-the-oscars-from-the-first-indian-film-to-win-to-the-first-indian-on-the-jury-2026-03-15-1033696
1294308674	20260315	202603	2026	2026.2055	USA	AMERICAN	USA								USAMED	UNITED STATES	USA					MED			1	043	043	04	1	2.8	2	1	2	8.29694323144105	2	California, United States	US	USCA		36.17	-119.746	CA	2	California, United States	US	USCA		36.17	-119.746	CA	2	California, United States	US	USCA		36.17	-119.746	CA	20260315081500	https://www.indiatvnews.com/entertainment/hollywood/india-at-the-oscars-from-the-first-indian-film-to-win-to-the-first-indian-on-the-jury-2026-03-15-1033696
1294308675	20260315	202603	2026	2026.2055	USAEDU	OLD DOMINION	USA					EDU			UAF	GUNMAN						UAF			0	193	193	19	4	-10.0	1	1	1	-5.54919908466819	3	Old Dominion University, Virginia, United States	US	USVA	VA710	36.8901	-76.3046	1479256	3	Old Dominion University, Virginia, United States	US	USVA		36.8901	-76.3046	1479256	3	Old Dominion University, Virginia, United States	US	USVA		36.8901	-76.3046	1479256	20260315081500	https://edition.cnn.com/2026/03/15/us/mohamed-bailor-jalloh-old-dominion
1294308676	20260315	202603	2026	2026.2055	USAELI	UNITED STATES	USA					ELI			USA	TEXAS	USA								1	110	110	11	3	-2.0	2	1	2	-0.22271714922049	2	Texas, United States	US	USTX		31.106	-97.6475	TX	2	Texas, United States	US	USTX		31.106	-97.6475	TX	2	Texas, United States	US	USTX		31.106	-97.6475	TX	20260315081500	https://nbc16.com/news/nation-world/joe-manchin-deeply-disappointed-over-republican-senator-john-cornyns-filibuster-flip-save-america-act-primary-election-race-trump
1294308677	20260315	202603	2026	2026.2055	USAGOV	THE US	USA					GOV													1	037	037	03	1	5.0	10	1	10	-2.45098039215686	4	Tehran, Tehran, Iran	IR	IR26	41130	35.75	51.5148	10074674	0								4	Tehran, Tehran, Iran	IR	IR26	41130	35.75	51.5148	10074674	20260315081500	https://pakobserver.net/trump-threatens-more-strikes-on-kharg-island-says-deal-not-good-enough-yet/
1294308678	20260315	202603	2026	2026.2055	USAGOV	THE US	USA					GOV			CVL	CITIZEN						CVL			0	0256	025	02	1	-0.3	1	1	1	-2.99792223211636	4	Baghdad, Baghdad, Iraq	IZ	IZ07	36785	33.3386	44.3939	-3103581	4	Baghdad, Baghdad, Iraq	IZ	IZ07	36785	33.3386	44.3939	-3103581	2	Alabama, United States	US	USAL		32.799	-86.8073	AL	20260315081500	https://www.mirror.co.uk/news/world-news/iran-trump-mojtaba-khamenei-live-36843602
1294308679	20260315	202603	2026	2026.2055	USAGOV	THE US	USA					GOV			CVL	CITIZEN						CVL			0	0256	025	02	1	-0.3	1	1	1	-2.99792223211636	1	Israel	IS	IS		31.5	34.75	IS	4	Isfahan, Esfahan, Iran	IR	IR28	40941	32.6597	51.6714	6013426	4	Isfahan, Esfahan, Iran	IR	IR28	40941	32.6597	51.6714	6013426	20260315081500	https://www.mirror.co.uk/news/world-news/iran-trump-mojtaba-khamenei-live-36843602
1294308680	20260315	202603	2026	2026.2055	USAGOV	THE US	USA					GOV			CVL	CITIZEN						CVL			0	100	100	10	3	-5.0	1	1	1	-2.99792223211636	1	Israel	IS	IS		31.5	34.75	IS	1	Israel	IS	IS		31.5	34.75	IS	1	Israel	IS	IS		31.5	34.75	IS	20260315081500	https://www.mirror.co.uk/news/world-news/iran-trump-mojtaba-khamenei-live-36843602
1294308681	20260315	202603	2026	2026.2055	USAGOV	THE US	USA					GOV			GBR	UNITED KINGDOM	GBR								0	013	013	01	1	0.4	1	1	1	-2.99792223211636	4	Mizan, Ardabil, Iran	IR	IR32	41035	38.365	47.3979	-3075230	4	Mizan, Ardabil, Iran	IR	IR32	41035	38.365	47.3979	-3075230	4	Mizan, Ardabil, Iran	IR	IR32	41035	38.365	47.3979	-3075230	20260315081500	https://www.mirror.co.uk/news/world-news/iran-trump-mojtaba-khamenei-live-36843602
1294308682	20260315	202603	2026	2026.2055	USAGOV	THE US	USA					GOV			GBR	UNITED KINGDOM	GBR								0	013	013	01	1	0.4	4	1	4	-2.99792223211636	1	United Kingdom	UK	UK		54	-4	UK	1	United Kingdom	UK	UK		54	-4	UK	1	United Kingdom	UK	UK		54	-4	UK	20260315081500	https://www.mirror.co.uk/news/world-news/iran-trump-mojtaba-khamenei-live-36843602
1294308683	20260315	202603	2026	2026.2055	USAGOV	UNITED STATES	USA					GOV			IRN	IRAN	IRN								1	010	010	01	1	0.0	1	1	1	-3.46534653465346	4	Kharg, Bushehr, Iran	IR	IR22	40962	29.25	50.3286	-3067896	4	Kharg, Bushehr, Iran	IR	IR22	40962	29.25	50.3286	-3067896	4	Kharg, Bushehr, Iran	IR	IR22	40962	29.25	50.3286	-3067896	20260315081500	https://athens-times.com/trump-again-threatens-to-bomb-irans-kharg-island-for-fun/
1294308684	20260315	202603	2026	2026.2055	USAGOV	UNITED STATES	USA					GOV			IRN	IRAN	IRN								1	0871	087	08	2	9.0	2	1	2	-9.72972972972972	1	United States	US	US		39.828175	-98.5795	US	4	Tehran, Tehran, Iran	IR	IR26	41130	35.75	51.5148	10074674	4	Tehran, Tehran, Iran	IR	IR26	41130	35.75	51.5148	10074674	20260315081500	https://athens-times.com/nightmare-night-in-israel-as-iran-and-hezbollah-launch-attacks/
1294308685	20260315	202603	2026	2026.2055	USAGOV	UNITED STATES	USA					GOV			IRN	IRANIAN	IRN								0	110	110	11	3	-2.0	1	1	1	-3.9568345323741	3	Washington, District of Columbia, United States	US	USDC	DC001	38.8951	-77.0364	531871	3	Washington, District of Columbia, United States	US	USDC	DC001	38.8951	-77.0364	531871	3	Washington, District of Columbia, United States	US	USDC	DC001	38.8951	-77.0364	531871	20260315081500	https://economictimes.indiatimes.com/news/defence/irgc-denies-involvement-in-drone-attacks-on-saudi-arabia-urges-riyadh-to-discover-the-origin-of-strikes/articleshow/129586374.cms
1294308686	20260315	202603	2026	2026.2055	USAGOV	THE US	USA					GOV			IRN	IRAN	IRN								0	113	113	11	3	-2.0	1	1	1	-2.99792223211636	4	Mizan, Ardabil, Iran	IR	IR32	41035	38.365	47.3979	-3075230	4	Mizan, Ardabil, Iran	IR	IR32	41035	38.365	47.3979	-3075230	4	Mizan, Ardabil, Iran	IR	IR32	41035	38.365	47.3979	-3075230	20260315081500	https://www.mirror.co.uk/news/world-news/iran-trump-mojtaba-khamenei-live-36843602
1294308687	20260315	202603	2026	2026.2055	USAGOV	THE US	USA					GOV			IRN	IRAN	IRN								0	113	113	11	3	-2.0	2	1	2	-2.99792223211636	4	Baghdad, Baghdad, Iraq	IZ	IZ07	36785	33.3386	44.3939	-3103581	4	Mizan, Ardabil, Iran	IR	IR32	41035	38.365	47.3979	-3075230	4	Baghdad, Baghdad, Iraq	IZ	IZ07	36785	33.3386	44.3939	-3103581	20260315081500	https://www.mirror.co.uk/news/world-news/iran-trump-mojtaba-khamenei-live-36843602
1294308688	20260315	202603	2026	2026.2055	USAGOV	THE US	USA					GOV			IRN	IRAN	IRN								0	113	113	11	3	-2.0	1	1	1	-2.99792223211636	4	Baghdad, Baghdad, Iraq	IZ	IZ07	36785	33.3386	44.3939	-3103581	4	Mizan, Ardabil, Iran	IR	IR32	41035	38.365	47.3979	-3075230	3	Columbus, Ohio, United States	US	USOH	OH049	39.9612	-82.9988	1080996	20260315081500	https://www.mirror.co.uk/news/world-news/iran-trump-mojtaba-khamenei-live-36843602
1294308689	20260315	202603	2026	2026.2055	USAGOV	THE US	USA					GOV			IRN	IRAN	IRN								0	113	113	11	3	-2.0	4	1	4	-2.99792223211636	4	Baghdad, Baghdad, Iraq	IZ	IZ07	36785	33.3386	44.3939	-3103581	4	Mizan, Ardabil, Iran	IR	IR32	41035	38.365	47.3979	-3075230	2	Ohio, United States	US	USOH		40.3736	-82.7755	OH	20260315081500	https://www.mirror.co.uk/news/world-news/iran-trump-mojtaba-khamenei-live-36843602
1294308690	20260315	202603	2026	2026.2055	USAGOV	THE US	USA					GOV			IRQ	IRAQ	IRQ								0	160	160	16	4	-4.0	1	1	1	-2.99792223211636	1	Israel	IS	IS		31.5	34.75	IS	1	Israel	IS	IS		31.5	34.75	IS	1	Israel	IS	IS		31.5	34.75	IS	20260315081500	https://www.mirror.co.uk/news/world-news/iran-trump-mojtaba-khamenei-live-36843602
1294308691	20260315	202603	2026	2026.2055	USAGOV	THE US	USA					GOV			MIL	WARSHIP						MIL			0	013	013	01	1	0.4	1	1	1	-2.99792223211636	4	Mizan, Ardabil, Iran	IR	IR32	41035	38.365	47.3979	-3075230	4	Mizan, Ardabil, Iran	IR	IR32	41035	38.365	47.3979	-3075230	4	Mizan, Ardabil, Iran	IR	IR32	41035	38.365	47.3979	-3075230	20260315081500	https://www.mirror.co.uk/news/world-news/iran-trump-mojtaba-khamenei-live-36843602
1294308692	20260315	202603	2026	2026.2055	USAGOV	THE US	USA					GOV			MIL	WARSHIP						MIL			0	013	013	01	1	0.4	4	1	4	-2.99792223211636	1	United Kingdom	UK	UK		54	-4	UK	1	South Korea	KS	KS		37	127.5	KS	1	South Korea	KS	KS		37	127.5	KS	20260315081500	https://www.mirror.co.uk/news/world-news/iran-trump-mojtaba-khamenei-live-36843602
1294308693	20260315	202603	2026	2026.2055	USAGOV	THE US	USA					GOV			MIL	WARSHIP						MIL			1	020	020	02	1	3.0	10	1	10	-2.45098039215686	4	Tehran, Tehran, Iran	IR	IR26	41130	35.75	51.5148	10074674	4	Tehran, Tehran, Iran	IR	IR26	41130	35.75	51.5148	10074674	4	Tehran, Tehran, Iran	IR	IR26	41130	35.75	51.5148	10074674	20260315081500	https://pakobserver.net/trump-threatens-more-strikes-on-kharg-island-says-deal-not-good-enough-yet/
1294308694	20260315	202603	2026	2026.2055	USAGOV	UNITED STATES	USA					GOV			PRK	NORTH KOREAN	PRK								1	050	050	05	1	3.5	1	1	1	0.13966480446927	3	White House, District of Columbia, United States	US	USDC		38.8951	-77.0364	531871	3	White House, District of Columbia, United States	US	USDC		38.8951	-77.0364	531871	3	White House, District of Columbia, United States	US	USDC		38.8951	-77.0364	531871	20260315081500	https://www.koreatimes.co.kr/foreignaffairs/20260315/speculation-grows-over-trump-kim-talks-despite-major-hurdles
1294308695	20260315	202603	2026	2026.2055	USAGOV	THE WHITE HOUSE	USA					GOV			USA	UNITED STATES	USA								1	046	046	04	1	7.0	2	1	2	0.13966480446927	3	White House, District of Columbia, United States	US	USDC		38.8951	-77.0364	531871	3	White House, District of Columbia, United States	US	USDC		38.8951	-77.0364	531871	3	White House, District of Columbia, United States	US	USDC		38.8951	-77.0364	531871	20260315081500	https://www.koreatimes.co.kr/foreignaffairs/20260315/speculation-grows-over-trump-kim-talks-despite-major-hurdles
1294308696	20260315	202603	2026	2026.2055	USAMED	AMERICAN	USA					MED													1	036	036	03	1	4.0	6	1	6	8.29694323144105	2	California, United States	US	USCA		36.17	-119.746	CA	0								2	California, United States	US	USCA		36.17	-119.746	CA	20260315081500	https://www.indiatvnews.com/entertainment/hollywood/india-at-the-oscars-from-the-first-indian-film-to-win-to-the-first-indian-on-the-jury-2026-03-15-1033696
1294308697	20260315	202603	2026	2026.2055	USAMED	AMERICAN	USA					MED													1	043	043	04	1	2.8	6	1	6	8.29694323144105	2	California, United States	US	USCA		36.17	-119.746	CA	0								2	California, United States	US	USCA		36.17	-119.746	CA	20260315081500	https://www.indiatvnews.com/entertainment/hollywood/india-at-the-oscars-from-the-first-indian-film-to-win-to-the-first-indian-on-the-jury-2026-03-15-1033696
1294308698	20260315	202603	2026	2026.2055	USAMED	UNITED STATES	USA					MED			USA	AMERICAN	USA								1	042	042	04	1	1.9	2	1	2	8.29694323144105	3	Hollywood, California, United States	US	USCA	CA037	34.0983	-118.327	1660757	4	Kolkata, West Bengal, India	IN	IN28	70294	22.5697	88.3697	-2092511	3	Hollywood, California, United States	US	USCA	CA037	34.0983	-118.327	1660757	20260315081500	https://www.indiatvnews.com/entertainment/hollywood/india-at-the-oscars-from-the-first-indian-film-to-win-to-the-first-indian-on-the-jury-2026-03-15-1033696
1294308699	20260315	202603	2026	2026.2055	USAMED	UNITED STATES	USA					MED			USA	AMERICAN	USA								1	042	042	04	1	1.9	2	1	2	8.29694323144105	2	California, United States	US	USCA		36.17	-119.746	CA	2	California, United States	US	USCA		36.17	-119.746	CA	2	California, United States	US	USCA		36.17	-119.746	CA	20260315081500	https://www.indiatvnews.com/entertainment/hollywood/india-at-the-oscars-from-the-first-indian-film-to-win-to-the-first-indian-on-the-jury-2026-03-15-1033696
1294308700	20260315	202603	2026	2026.2055	USAMIL	AMERICAN	USA					MIL			IRN	IRANIAN	IRN								1	042	042	04	1	1.9	8	1	8	-2.89855072463768	1	United States	US	US		39.828175	-98.5795	US	1	Iran	IR	IR		32	53	IR	1	United States	US	US		39.828175	-98.5795	US	20260315081500	https://www.middleeasteye.net/live-blog/live-blog-update/irgc-says-it-launched-missiles-and-drones-targeting-us-airbase-uae
1294308701	20260315	202603	2026	2026.2055	USAMIL	UNITED STATES	USA					MIL			USA	AMERICAN	USA								0	130	130	13	3	-4.4	2	1	2	-6.25978090766823	4	Manama, Al Manamah, Bahrain	BA	BA02	25307	26.2361	50.5831	-784833	4	Manama, Al Manamah, Bahrain	BA	BA02	25307	26.2361	50.5831	-784833	4	Manama, Al Manamah, Bahrain	BA	BA02	25307	26.2361	50.5831	-784833	20260315081500	https://theasian.asia/archives/203874
1294308702	20260315	202603	2026	2026.2055	VNM	NGHE AN	VNM								COP	DEPUTIES						COP			1	014	014	01	1	0.0	2	1	2	0	1	Vietnam, Republic Of	VM	VM		16.166667	107.833333	VM	1	Vietnam, Republic Of	VM	VM		16.166667	107.833333	VM	1	Vietnam, Republic Of	VM	VM		16.166667	107.833333	VM	20260315081500	http://www.bignewsnetwork.com/news/278923147/vietnam-national-assembly-local-councils-elections
1294308703	20260315	202603	2026	2026.2055	dal	DALIT			dal																1	017	017	01	1	0.0	5	1	5	0.26737967914438	4	New Delhi, Delhi, India	IN	IN07	17911	28.6	77.2	-2106102	0								4	New Delhi, Delhi, India	IN	IN07	17911	28.6	77.2	-2106102	20260315081500	http://www.bignewsnetwork.com/news/278923155/great-social-reformer-mallikarjun-kharge-pays-tribute-to-kanshi-ram-on-birth-anniversary
1294308704	20260315	202603	2026	2026.2055	nep	NEPALI			nep						NPL	GORKHA	NPL								0	190	190	19	4	-10.0	1	1	1	-3.93401015228427	4	Tel Aviv, Tel Aviv, Israel	IS	IS05	18316	32.0667	34.7667	-781545	4	Tel Aviv, Tel Aviv, Israel	IS	IS05	18316	32.0667	34.7667	-781545	4	Tel Aviv, Tel Aviv, Israel	IS	IS05	18316	32.0667	34.7667	-781545	20260315081500	https://www.spotlightnepal.com/2026/03/15/nepali-middle-east-living-under-threat/
1294308705	20260315	202603	2026	2026.2055	nep	NEPALI			nep						NPL	GORKHA	NPL								0	190	190	19	4	-10.0	7	1	7	-3.93401015228427	1	Cyprus	CY	CY		35	33	CY	1	Cyprus	CY	CY		35	33	CY	1	Cyprus	CY	CY		35	33	CY	20260315081500	https://www.spotlightnepal.com/2026/03/15/nepali-middle-east-living-under-threat/
1294308706	20260315	202603	2026	2026.2055	nep	NEPALI			nep						QAT	QATAR	QAT								0	012	012	01	1	-0.4	1	1	1	-3.93401015228427	4	Tel Aviv, Tel Aviv, Israel	IS	IS05	18316	32.0667	34.7667	-781545	4	Tel Aviv, Tel Aviv, Israel	IS	IS05	18316	32.0667	34.7667	-781545	4	Tel Aviv, Tel Aviv, Israel	IS	IS05	18316	32.0667	34.7667	-781545	20260315081500	https://www.spotlightnepal.com/2026/03/15/nepali-middle-east-living-under-threat/
1294308707	20260315	202603	2026	2026.2055	nep	NEPALI			nep						QAT	DOHA	QAT								0	012	012	01	1	-0.4	8	1	8	-3.93401015228427	4	Doha, Ad Daw?ah, Qatar	QA	QA01	25307	25.2867	51.5333	-785169	4	Doha, Ad Daw?ah, Qatar	QA	QA01	25307	25.2867	51.5333	-785169	4	Doha, Ad Daw?ah, Qatar	QA	QA01	25307	25.2867	51.5333	-785169	20260315081500	https://www.spotlightnepal.com/2026/03/15/nepali-middle-east-living-under-threat/
1294308708	20260315	202603	2026	2026.2055	nep	NEPALI			nep						QAT	QATAR	QAT								0	012	012	01	1	-0.4	1	1	1	-3.93401015228427	1	Cyprus	CY	CY		35	33	CY	1	Cyprus	CY	CY		35	33	CY	1	Cyprus	CY	CY		35	33	CY	20260315081500	https://www.spotlightnepal.com/2026/03/15/nepali-middle-east-living-under-threat/
1294308709	20260315	202603	2026	2026.2055	nep	NEPALI			nep						QAT	QATAR	QAT								0	190	190	19	4	-10.0	2	1	2	-3.93401015228427	4	Doha, Ad Daw?ah, Qatar	QA	QA01	25307	25.2867	51.5333	-785169	4	Doha, Ad Daw?ah, Qatar	QA	QA01	25307	25.2867	51.5333	-785169	4	Dubai, Dubayy, United Arab Emirates	AE	AE03	28575	25.2522	55.28	-782831	20260315081500	https://www.spotlightnepal.com/2026/03/15/nepali-middle-east-living-under-threat/
1294308710	20260315	202603	2026	2026.2055	nep	NEPALI			nep						QAT	QATAR	QAT								0	190	190	19	4	-10.0	8	1	8	-3.93401015228427	4	Doha, Ad Daw?ah, Qatar	QA	QA01	25307	25.2867	51.5333	-785169	4	Doha, Ad Daw?ah, Qatar	QA	QA01	25307	25.2867	51.5333	-785169	1	Iran	IR	IR		32	53	IR	20260315081500	https://www.spotlightnepal.com/2026/03/15/nepali-middle-east-living-under-threat/
1294308711	20260315	202603	2026	2026.2055	nepGOV	NEPALI			nep			GOV													0	040	040	04	1	1.0	10	1	10	-3.93401015228427	4	Bahrain International Airport, Al Mu?arraq, Bahrain	BA	BA15	25307	26.2728	50.6264	-784886	0								4	Bahrain International Airport, Al Mu?arraq, Bahrain	BA	BA15	25307	26.2728	50.6264	-784886	20260315081500	https://www.spotlightnepal.com/2026/03/15/nepali-middle-east-living-under-threat/
1294308712	20260315	202603	2026	2026.2055	nepGOV	NEPALI			nep			GOV													0	073	073	07	2	7.4	10	1	10	-3.93401015228427	4	Bahrain International Airport, Al Mu?arraq, Bahrain	BA	BA15	25307	26.2728	50.6264	-784886	0								4	Bahrain International Airport, Al Mu?arraq, Bahrain	BA	BA15	25307	26.2728	50.6264	-784886	20260315081500	https://www.spotlightnepal.com/2026/03/15/nepali-middle-east-living-under-threat/
1294308713	20260315	202603	2026	2026.2055	nepLAB	NEPALI			nep			LAB			GOV	EMBASSY						GOV			0	090	090	09	2	-2.0	8	1	8	-3.93401015228427	4	Tel Aviv, Tel Aviv, Israel	IS	IS05	18316	32.0667	34.7667	-781545	4	Gorkha, Nepal (general), Nepal	NP	NP00	22363	28.0024	84.6201	-1021991	4	Tel Aviv, Tel Aviv, Israel	IS	IS05	18316	32.0667	34.7667	-781545	20260315081500	https://www.spotlightnepal.com/2026/03/15/nepali-middle-east-living-under-threat/
1294308714	20260315	202603	2026	2026.2055	nepLAB	NEPALI			nep			LAB			GOV	EMBASSY						GOV			0	090	090	09	2	-2.0	2	1	2	-3.93401015228427	4	Tel Aviv, Tel Aviv, Israel	IS	IS05	18316	32.0667	34.7667	-781545	4	Tel Aviv, Tel Aviv, Israel	IS	IS05	18316	32.0667	34.7667	-781545	4	Tel Aviv, Tel Aviv, Israel	IS	IS05	18316	32.0667	34.7667	-781545	20260315081500	https://www.spotlightnepal.com/2026/03/15/nepali-middle-east-living-under-threat/
1294308715	20260315	202603	2026	2026.2055	nepLAB	NEPALI			nep			LAB			GOV	EMBASSY						GOV			0	161	161	16	4	-4.0	8	1	8	-3.93401015228427	4	Tel Aviv, Tel Aviv, Israel	IS	IS05	18316	32.0667	34.7667	-781545	4	Gorkha, Nepal (general), Nepal	NP	NP00	22363	28.0024	84.6201	-1021991	4	Tel Aviv, Tel Aviv, Israel	IS	IS05	18316	32.0667	34.7667	-781545	20260315081500	https://www.spotlightnepal.com/2026/03/15/nepali-middle-east-living-under-threat/
1294308716	20260315	202603	2026	2026.2055	nepLAB	NEPALI			nep			LAB			GOV	EMBASSY						GOV			0	161	161	16	4	-4.0	2	1	2	-3.93401015228427	4	Tel Aviv, Tel Aviv, Israel	IS	IS05	18316	32.0667	34.7667	-781545	4	Tel Aviv, Tel Aviv, Israel	IS	IS05	18316	32.0667	34.7667	-781545	4	Tel Aviv, Tel Aviv, Israel	IS	IS05	18316	32.0667	34.7667	-781545	20260315081500	https://www.spotlightnepal.com/2026/03/15/nepali-middle-east-living-under-threat/
1294308717	20260315	202603	2026	2026.2055	nepLAB	NEPALI			nep			LAB			NPLGOV	NEPAL	NPL					GOV			0	090	090	09	2	-2.0	8	1	8	-3.93401015228427	4	Tel Aviv, Tel Aviv, Israel	IS	IS05	18316	32.0667	34.7667	-781545	4	Gorkha, Nepal (general), Nepal	NP	NP00	22363	28.0024	84.6201	-1021991	4	Tel Aviv, Tel Aviv, Israel	IS	IS05	18316	32.0667	34.7667	-781545	20260315081500	https://www.spotlightnepal.com/2026/03/15/nepali-middle-east-living-under-threat/
1294308718	20260315	202603	2026	2026.2055	nepLAB	NEPALI			nep			LAB			NPLGOV	NEPAL	NPL					GOV			0	090	090	09	2	-2.0	2	1	2	-3.93401015228427	4	Tel Aviv, Tel Aviv, Israel	IS	IS05	18316	32.0667	34.7667	-781545	4	Tel Aviv, Tel Aviv, Israel	IS	IS05	18316	32.0667	34.7667	-781545	4	Tel Aviv, Tel Aviv, Israel	IS	IS05	18316	32.0667	34.7667	-781545	20260315081500	https://www.spotlightnepal.com/2026/03/15/nepali-middle-east-living-under-threat/
1294308719	20260315	202603	2026	2026.2055	nepLAB	NEPALI			nep			LAB			NPLGOV	NEPAL	NPL					GOV			0	161	161	16	4	-4.0	8	1	8	-3.93401015228427	4	Tel Aviv, Tel Aviv, Israel	IS	IS05	18316	32.0667	34.7667	-781545	4	Gorkha, Nepal (general), Nepal	NP	NP00	22363	28.0024	84.6201	-1021991	4	Tel Aviv, Tel Aviv, Israel	IS	IS05	18316	32.0667	34.7667	-781545	20260315081500	https://www.spotlightnepal.com/2026/03/15/nepali-middle-east-living-under-threat/
1294308720	20260315	202603	2026	2026.2055	nepLAB	NEPALI			nep			LAB			NPLGOV	NEPAL	NPL					GOV			0	161	161	16	4	-4.0	2	1	2	-3.93401015228427	4	Tel Aviv, Tel Aviv, Israel	IS	IS05	18316	32.0667	34.7667	-781545	4	Tel Aviv, Tel Aviv, Israel	IS	IS05	18316	32.0667	34.7667	-781545	4	Tel Aviv, Tel Aviv, Israel	IS	IS05	18316	32.0667	34.7667	-781545	20260315081500	https://www.spotlightnepal.com/2026/03/15/nepali-middle-east-living-under-threat/
1294308721	20260315	202603	2026	2026.2055	sco	SCOTTISH			sco																1	030	030	03	1	4.0	10	1	10	-2.08333333333333	4	Northern Ireland, Craigavon, United Kingdom	UK	UKR8	40152	54.5	-6.5	-2604275	0								4	Northern Ireland, Craigavon, United Kingdom	UK	UKR8	40152	54.5	-6.5	-2604275	20260315081500	https://www.worcesternews.co.uk/news/25935819.british-travellers-warned-189-airport-parking-trap/
